Rk,Player,Nation,Pos,Squad,Age,Born,90s,Gls,Sh,SoT,SoT%,Sh/90,SoT/90,G/Sh,G/SoT,Dist,FK,PK,PKatt,xG,npxG,npxG/Sh,G-xG,np:G-xG,Matches
1,Patrick van Aanholt\Patrick-van-Aanholt,nl NED,DF,Crystal Palace,30-197,1990,16.7,0,16,6,37.5,0.96,0.36,0.00,0.00,19.9,3,0,0,1.2,1.2,0.07,-1.2,-1.2,Matches
2,Tammy Abraham\Tammy-Abraham,eng ENG,FW,Chelsea,23-163,1997,11.3,6,31,13,41.9,2.73,1.15,0.19,0.46,9.9,0,0,0,5.6,5.6,0.18,+0.4,+0.4,Matches
3,Che Adams\Che-Adams,eng ENG,FW,Southampton,24-244,1996,23.1,6,44,22,50.0,1.91,0.95,0.14,0.27,13.5,0,0,0,6.1,6.1,0.14,-0.1,-0.1,Matches
4,Tosin Adarabioyo\Tosin-Adarabioyo,eng ENG,DF,Fulham,23-171,1997,25.0,0,18,5,27.8,0.72,0.20,0.00,0.00,8.9,0,0,0,1.0,1.0,0.05,-1.0,-1.0,Matches
5,Adrián\Adrian,es ESP,GK,Liverpool,34-070,1987,3.0,0,0,0,,0.00,0.00,,,,0,0,0,0.0,0.0,,0.0,0.0,Matches
6,Sergio Agüero\Sergio-Aguero,ar ARG,FW,Manchester City,32-285,1988,3.5,1,6,3,50.0,1.73,0.87,0.00,0.00,12.5,0,1,1,1.5,0.7,0.12,-0.5,-0.7,Matches
7,Ola Aina\Ola-Aina,ng NGA,DF,Fulham,24-157,1996,24.2,2,12,3,25.0,0.50,0.12,0.17,0.67,25.3,1,0,0,0.9,0.9,0.07,+1.1,+1.1,Matches
8,Rayan Aït Nouri\Rayan-Ait-Nouri,fr FRA,DF,Wolves,19-281,2001,7.8,1,9,3,33.3,1.15,0.38,0.11,0.33,20.4,0,0,0,0.3,0.3,0.04,+0.7,+0.7,Matches
9,Semi Ajayi\Semi-Ajayi,ng NGA,DF,West Brom,27-125,1993,23.3,2,7,3,42.9,0.30,0.13,0.29,0.67,10.1,0,0,0,0.5,0.5,0.07,+1.5,+1.5,Matches
10,Nathan Aké\Nathan-Ake,nl NED,DF,Manchester City,26-024,1995,5.2,1,1,1,100.0,0.19,0.19,1.00,1.00,7.0,0,0,0,0.1,0.1,0.07,+0.9,+0.9,Matches
11,Marc Albrighton\Marc-Albrighton,eng ENG,FWDF,Leicester City,31-116,1989,13.4,0,17,7,41.2,1.27,0.52,0.00,0.00,21.0,0,0,0,1.0,1.0,0.06,-1.0,-1.0,Matches
12,Thiago Alcántara\Thiago-Alcantara,es ESP,MF,Liverpool,29-337,1991,11.8,0,12,1,8.3,1.02,0.08,0.00,0.00,22.2,1,0,0,0.4,0.4,0.03,-0.4,-0.4,Matches
13,Toby Alderweireld\Toby-Alderweireld,be BEL,DF,Tottenham,32-012,1989,16.9,1,6,2,33.3,0.36,0.12,0.17,0.50,8.1,0,0,0,0.4,0.4,0.07,+0.6,+0.6,Matches
14,Rúnar Alex Rúnarsson\Runar-Alex-Runarsson,is ISL,GK,Arsenal,26-024,1995,0.2,0,0,0,,0.00,0.00,,,,0,0,0,0.0,0.0,,0.0,0.0,Matches
15,Trent Alexander-Arnold\Trent-Alexander-Arnold,eng ENG,DF,Liverpool,22-158,1998,23.7,1,37,8,21.6,1.56,0.34,0.03,0.13,24.3,11,0,0,1.9,1.9,0.05,-0.9,-0.9,Matches
16,Ezgjan Alioski\Ezgjan-Alioski,mk MKD,DFMF,Leeds United,29-030,1992,18.0,2,15,5,33.3,0.83,0.28,0.13,0.40,19.3,0,0,0,1.0,1.0,0.07,+1.0,+1.0,Matches
17,Alisson\Alisson,br BRA,GK,Liverpool,28-163,1992,23.0,0,0,0,,0.00,0.00,,,,0,0,0,0.0,0.0,,0.0,0.0,Matches
18,Allan\Allan,br BRA,MF,Everton,30-065,1991,14.8,0,4,1,25.0,0.27,0.07,0.00,0.00,23.8,0,0,0,0.1,0.1,0.03,-0.1,-0.1,Matches
19,Dele Alli\Dele-Alli,eng ENG,MF,Tottenham,24-337,1996,2.3,0,3,1,33.3,1.29,0.43,0.00,0.00,9.1,0,0,0,0.5,0.5,0.16,-0.5,-0.5,Matches
20,Miguel Almirón\Miguel-Almiron,py PAR,MFFW,Newcastle Utd,27-032,1994,17.6,4,24,10,41.7,1.36,0.57,0.17,0.40,17.8,1,0,0,2.4,2.4,0.10,+1.6,+1.6,Matches
21,Marcos Alonso\Marcos-Alonso,es ESP,DF,Chelsea,30-076,1990,7.8,1,15,5,33.3,1.92,0.64,0.07,0.20,17.3,3,0,0,1.0,1.0,0.07,0.0,0.0,Matches
22,Steven Alzate\Steven-Alzate,co COL,MFDF,Brighton,22-187,1998,8.2,1,5,2,40.0,0.61,0.24,0.20,0.50,14.6,0,0,0,0.6,0.6,0.12,+0.4,+0.4,Matches
23,Daniel Amartey\Daniel-Amartey,gh GHA,DF,Leicester City,26-083,1994,6.5,1,3,1,33.3,0.46,0.15,0.33,1.00,10.8,0,0,0,0.3,0.3,0.10,+0.7,+0.7,Matches
24,Ethan Ampadu\Ethan-Ampadu,wal WAL,DFMF,Sheffield Utd,20-181,2000,19.8,0,7,2,28.6,0.35,0.10,0.00,0.00,17.2,0,0,0,0.3,0.3,0.05,-0.3,-0.3,Matches
25,Joachim Andersen\Joachim-Andersen,dk DEN,DF,Fulham,24-287,1996,22.7,0,7,2,28.6,0.31,0.09,0.00,0.00,15.6,1,0,0,0.4,0.4,0.06,-0.4,-0.4,Matches
26,Elliot Anderson\Elliot-Anderson,sco SCO,MF,Newcastle Utd,18-128,2002,0.0,0,0,0,,0.00,0.00,,,,0,0,0,0.0,0.0,,0.0,0.0,Matches
27,Felipe Anderson\Felipe-Anderson,br BRA,FWMF,West Ham,27-333,1993,0.0,0,0,0,,0.00,0.00,,,,0,0,0,0.0,0.0,,0.0,0.0,Matches
28,Michail Antonio\Michail-Antonio,eng ENG,FW,West Ham,30-351,1990,14.8,7,42,19,45.2,2.84,1.28,0.17,0.37,12.4,0,0,0,8.1,8.1,0.20,-1.1,-1.1,Matches
29,Alphonse Areola\Alphonse-Areola,fr FRA,GK,Fulham,28-015,1993,28.0,0,0,0,,0.00,0.00,,,,0,0,0,0.0,0.0,,0.0,0.0,Matches
30,Stuart Armstrong\Stuart-Armstrong,sco SCO,MF,Southampton,28-349,1992,21.0,3,32,5,15.6,1.52,0.24,0.09,0.60,19.9,0,0,0,1.8,1.8,0.06,+1.2,+1.2,Matches
31,Kepa Arrizabalaga\Kepa-Arrizabalaga,es ESP,GK,Chelsea,26-162,1994,4.0,0,0,0,,0.00,0.00,,,,0,0,0,0.0,0.0,,0.0,0.0,Matches
32,Pierre-Emerick Aubameyang\Pierre-Emerick-Aubameyang,ga GAB,FW,Arsenal,31-269,1989,20.6,9,48,18,37.5,2.33,0.87,0.15,0.39,14.1,0,2,2,9.0,7.4,0.15,0.0,-0.4,Matches
33,Serge Aurier\Serge-Aurier,ci CIV,DF,Tottenham,28-080,1992,12.8,2,10,5,50.0,0.78,0.39,0.20,0.40,16.2,0,0,0,1.0,1.0,0.10,+1.0,+1.0,Matches
34,Charlie Austin\Charlie-Austin,eng ENG,FW,West Brom,31-252,1989,1.5,0,3,0,0.0,1.96,0.00,0.00,,19.3,0,0,0,0.2,0.2,0.07,-0.2,-0.2,Matches
35,Jordan Ayew\Jordan-Ayew,gh GHA,FWMF,Crystal Palace,29-184,1991,18.5,1,19,8,42.1,1.03,0.43,0.05,0.13,16.7,0,0,0,1.8,1.8,0.09,-0.8,-0.8,Matches
36,Luke Ayling\Luke-Ayling,eng ENG,DF,Leeds United,29-201,1991,27.8,0,18,4,22.2,0.65,0.14,0.00,0.00,17.5,0,0,0,1.0,1.0,0.05,-1.0,-1.0,Matches
37,César Azpilicueta\Cesar-Azpilicueta,es ESP,DF,Chelsea,31-198,1989,17.6,1,10,4,40.0,0.57,0.23,0.10,0.25,15.3,0,0,0,0.8,0.8,0.08,+0.2,+0.2,Matches
38,Eric Bailly\Eric-Bailly,ci CIV,DF,Manchester Utd,26-336,1994,7.1,0,1,0,0.0,0.14,0.00,0.00,,11.0,0,0,0,0.0,0.0,0.05,0.0,0.0,Matches
39,Fabián Balbuena\Fabian-Balbuena,py PAR,DF,West Ham,29-203,1991,12.0,1,7,2,28.6,0.58,0.17,0.14,0.50,9.1,0,0,0,0.6,0.6,0.09,+0.4,+0.4,Matches
40,George Baldock\George-Baldock,eng ENG,DF,Sheffield Utd,28-005,1993,22.5,0,11,2,18.2,0.49,0.09,0.00,0.00,16.8,0,0,0,1.1,1.1,0.10,-1.1,-1.1,Matches
41,Gareth Bale\Gareth-Bale,wal WAL,FW,Tottenham,31-241,1989,5.6,5,19,8,42.1,3.42,1.44,0.26,0.63,17.9,4,0,0,3.0,3.0,0.16,+2.0,+2.0,Matches
42,Patrick Bamford\Patrick-Bamford,eng ENG,FW,Leeds United,27-190,1993,26.2,13,88,35,39.8,3.36,1.34,0.14,0.34,12.9,0,1,1,13.8,13.0,0.15,-0.8,-1.0,Matches
43,Phil Bardsley\Phil-Bardsley,sco SCO,DF,Burnley,35-259,1985,3.0,0,4,0,0.0,1.31,0.00,0.00,,25.8,0,0,0,0.1,0.1,0.03,-0.1,-0.1,Matches
44,Ross Barkley\Ross-Barkley,eng ENG,MF,Chelsea,27-099,1993,0.5,0,1,1,100.0,2.14,2.14,0.00,0.00,28.0,0,0,0,0.0,0.0,0.03,0.0,0.0,Matches
45,Ross Barkley\Ross-Barkley,eng ENG,MF,Aston Villa,27-099,1993,12.7,3,31,9,29.0,2.44,0.71,0.10,0.33,17.1,1,0,0,2.9,2.9,0.09,+0.1,+0.1,Matches
46,Ashley Barnes\Ashley-Barnes,eng ENG,FW,Burnley,31-135,1989,14.4,3,36,12,33.3,2.51,0.84,0.06,0.17,16.0,0,1,1,4.9,4.1,0.11,-1.9,-2.1,Matches
47,Harvey Barnes\Harvey-Barnes,eng ENG,FWMF,Leicester City,23-095,1997,21.6,9,55,25,45.5,2.54,1.16,0.16,0.36,16.9,0,0,0,6.2,6.2,0.11,+2.8,+2.8,Matches
48,Kyle Bartley\Kyle-Bartley,eng ENG,DF,West Brom,29-296,1991,19.8,3,11,5,45.5,0.56,0.25,0.27,0.60,6.9,0,0,0,1.8,1.8,0.16,+1.2,+1.2,Matches
49,Chris Basham\Chris-Basham,eng ENG,DFMF,Sheffield Utd,32-237,1988,22.6,0,8,1,12.5,0.35,0.04,0.00,0.00,14.4,0,0,0,0.6,0.6,0.08,-0.6,-0.6,Matches
50,Michy Batshuayi\Michy-Batshuayi,be BEL,FW,Crystal Palace,27-163,1993,7.8,1,11,5,45.5,1.41,0.64,0.09,0.20,17.3,0,0,0,1.1,1.1,0.10,-0.1,-0.1,Matches
51,Jan Bednarek\Jan-Bednarek,pl POL,DF,Southampton,24-336,1996,26.9,1,9,4,44.4,0.33,0.15,0.11,0.25,8.8,0,0,0,0.9,0.9,0.10,+0.1,+0.1,Matches
52,Donny van de Beek\Donny-van-de-Beek,nl NED,MFFW,Manchester Utd,23-330,1997,3.6,1,1,1,100.0,0.28,0.28,1.00,1.00,9.8,0,0,0,0.3,0.3,0.26,+0.7,+0.7,Matches
53,Héctor Bellerín\Hector-Bellerin,es ESP,DF,Arsenal,25-360,1995,21.2,1,11,4,36.4,0.52,0.19,0.09,0.25,20.1,0,0,0,0.6,0.6,0.05,+0.4,+0.4,Matches
54,Saïd Benrahma\Said-Benrahma,dz ALG,MFFW,West Ham,25-216,1995,10.6,0,24,9,37.5,2.26,0.85,0.00,0.00,20.4,1,0,0,1.7,1.7,0.07,-1.7,-1.7,Matches
55,Josh Benson\Josh-Benson,eng ENG,MF,Burnley,21-099,1999,2.9,0,2,0,0.0,0.68,0.00,0.00,,23.5,1,0,0,0.2,0.2,0.09,-0.2,-0.2,Matches
56,Christian Benteke\Christian-Benteke,be BEL,FW,Crystal Palace,30-101,1990,12.9,5,44,19,43.2,3.42,1.48,0.11,0.26,11.4,0,0,0,4.9,4.9,0.11,+0.1,+0.1,Matches
57,Jóhann Berg Guðmundsson\Johann-Berg-Gudmundsson,is ISL,MF,Burnley,30-138,1990,9.8,2,16,6,37.5,1.63,0.61,0.13,0.33,20.7,1,0,0,1.5,1.5,0.09,+0.5,+0.5,Matches
58,Sander Berge\Sander-Berge,no NOR,MF,Sheffield Utd,23-028,1998,11.3,1,9,1,11.1,0.80,0.09,0.00,0.00,17.8,0,1,1,1.2,0.5,0.05,-0.2,-0.5,Matches
59,Steven Bergwijn\Steven-Bergwijn,nl NED,FWMF,Tottenham,23-157,1997,11.3,0,12,2,16.7,1.06,0.18,0.00,0.00,16.7,0,0,0,1.7,1.7,0.14,-1.7,-1.7,Matches
60,Bernard\Bernard,br BRA,FWMF,Everton,28-187,1992,4.4,1,6,2,33.3,1.37,0.46,0.17,0.50,20.4,0,0,0,0.2,0.2,0.03,+0.8,+0.8,Matches
61,Bernardo\Bernardo,br BRA,DFMF,Brighton,25-304,1995,2.3,0,4,0,0.0,1.75,0.00,0.00,,6.9,0,0,0,0.3,0.3,0.08,-0.3,-0.3,Matches
62,Ryan Bertrand\Ryan-Bertrand,eng ENG,DF,Southampton,31-221,1989,25.9,0,8,3,37.5,0.31,0.12,0.00,0.00,19.7,0,0,0,0.6,0.6,0.08,-0.6,-0.6,Matches
63,Yves Bissouma\Yves-Bissouma,ml MLI,MF,Brighton,24-196,1996,23.6,1,25,2,8.0,1.06,0.08,0.04,0.50,25.8,1,0,0,0.7,0.7,0.03,+0.3,+0.3,Matches
64,Jayden Bogle\Jayden-Bogle,eng ENG,DF,Sheffield Utd,20-230,2000,9.0,2,13,6,46.2,1.45,0.67,0.15,0.33,11.7,0,0,0,1.4,1.4,0.10,+0.6,+0.6,Matches
65,Willy Boly\Willy-Boly,ci CIV,DF,Wolves,30-039,1991,16.0,1,10,3,30.0,0.62,0.19,0.10,0.33,10.9,0,0,0,1.0,1.0,0.10,0.0,0.0,Matches
66,Jarrod Bowen\Jarrod-Bowen,eng ENG,FWMF,West Ham,24-084,1996,20.6,5,40,8,20.0,1.94,0.39,0.13,0.63,17.3,0,0,0,4.5,4.5,0.11,+0.5,+0.5,Matches
67,Robbie Brady\Robbie-Brady,ie IRL,MF,Burnley,29-059,1992,11.7,1,16,5,31.3,1.37,0.43,0.06,0.20,19.8,4,0,0,0.8,0.8,0.05,+0.2,+0.2,Matches
68,Rhian Brewster\Rhian-Brewster,eng ENG,FW,Sheffield Utd,20-347,2000,9.6,0,16,5,31.3,1.67,0.52,0.00,0.00,17.6,1,0,0,1.4,1.4,0.09,-1.4,-1.4,Matches
69,Josh Brownhill\Josh-Brownhill,eng ENG,MF,Burnley,25-085,1995,22.8,0,24,3,12.5,1.05,0.13,0.00,0.00,21.5,6,0,0,1.2,1.2,0.05,-1.2,-1.2,Matches
70,Joe Bryan\Joe-Bryan,eng ENG,DFFW,Fulham,27-178,1993,5.2,0,4,1,25.0,0.77,0.19,0.00,0.00,21.7,1,0,0,0.1,0.1,0.03,-0.1,-0.1,Matches
71,Kean Bryan\Kean-Bryan,eng ENG,DF,Sheffield Utd,24-133,1996,7.3,1,2,1,50.0,0.27,0.14,0.50,1.00,4.8,0,0,0,0.4,0.4,0.21,+0.6,+0.6,Matches
72,Oliver Burke\Oliver-Burke,sco SCO,FW,Sheffield Utd,23-341,1997,10.7,1,22,6,27.3,2.05,0.56,0.05,0.17,14.7,0,0,0,2.2,2.2,0.10,-1.2,-1.2,Matches
73,Dan Burn\Dan-Burn,eng ENG,DF,Brighton,28-309,1992,16.4,0,12,3,25.0,0.73,0.18,0.00,0.00,14.3,0,0,0,0.9,0.9,0.08,-0.9,-0.9,Matches
74,David Button\David-Button,eng ENG,GK,West Brom,32-015,1989,1.0,0,0,0,,0.00,0.00,,,,0,0,0,0.0,0.0,,0.0,0.0,Matches
75,Oskar Buur\Oskar-Buur,dk DEN,DF,Wolves,22-348,1998,0.2,0,0,0,,0.00,0.00,,,,0,0,0,0.0,0.0,,0.0,0.0,Matches
76,Willy Caballero\Willy-Caballero,ar ARG,GK,Chelsea,39-167,1981,1.0,0,0,0,,0.00,0.00,,,,0,0,0,0.0,0.0,,0.0,0.0,Matches
77,Gary Cahill\Gary-Cahill,eng ENG,DF,Crystal Palace,35-085,1985,14.0,1,4,1,25.0,0.29,0.07,0.25,1.00,12.0,0,0,0,0.3,0.3,0.07,+0.7,+0.7,Matches
78,Tom Cairney\Tom-Cairney,sco SCO,MF,Fulham,30-053,1991,8.4,1,12,4,33.3,1.42,0.47,0.08,0.25,20.0,0,0,0,0.7,0.7,0.06,+0.3,+0.3,Matches
79,Dominic Calvert-Lewin\Dominic-Calvert-Lewin,eng ENG,FW,Everton,23-363,1997,23.9,14,62,34,54.8,2.59,1.42,0.23,0.41,11.7,0,0,0,12.2,12.2,0.20,+1.8,+1.8,Matches
80,João Cancelo\Joao-Cancelo,pt POR,DF,Manchester City,26-291,1994,21.6,1,28,8,28.6,1.29,0.37,0.04,0.13,21.3,0,0,0,1.7,1.7,0.06,-0.7,-0.7,Matches
81,Ian Carlo Poveda\Ian-Carlo-Poveda,eng ENG,MFDF,Leeds United,21-033,2000,2.8,0,5,3,60.0,1.78,1.07,0.00,0.00,17.6,0,0,0,0.4,0.4,0.07,-0.4,-0.4,Matches
82,Andy Carroll\Andy-Carroll,eng ENG,FW,Newcastle Utd,32-067,1989,4.3,1,14,2,14.3,3.27,0.47,0.07,0.50,13.4,0,0,0,1.2,1.2,0.08,-0.2,-0.2,Matches
83,Matty Cash\Matty-Cash,eng ENG,DF,Aston Villa,23-219,1997,20.2,0,7,1,14.3,0.35,0.05,0.00,0.00,21.5,0,0,0,0.3,0.3,0.04,-0.3,-0.3,Matches
84,Kiko Casilla\Kiko-Casilla,es ESP,GK,Leeds United,34-163,1986,1.0,0,0,0,,0.00,0.00,,,,0,0,0,0.0,0.0,,0.0,0.0,Matches
85,Timothy Castagne\Timothy-Castagne,be BEL,DF,Leicester City,25-099,1995,16.1,1,4,2,50.0,0.25,0.12,0.25,0.50,7.7,0,0,0,0.6,0.6,0.15,+0.4,+0.4,Matches
86,Jonny Castro\Jonny-Castro,es ESP,DF,Wolves,27-011,1994,4.5,0,1,0,0.0,0.22,0.00,0.00,,16.3,0,0,0,0.0,0.0,0.05,0.0,0.0,Matches
87,Ivan Cavaleiro\Ivan-Cavaleiro,pt POR,FWMF,Fulham,27-147,1993,20.1,3,39,14,35.9,1.94,0.70,0.05,0.14,17.2,1,1,2,4.6,3.9,0.10,-1.6,-1.9,Matches
88,Edinson Cavani\Edinson-Cavani,uy URU,FW,Manchester Utd,34-028,1987,10.3,6,27,10,37.0,2.62,0.97,0.22,0.60,10.1,0,0,0,5.0,5.0,0.18,+1.0,+1.0,Matches
89,Dani Ceballos\Dani-Ceballos,es ESP,MF,Arsenal,24-219,1996,12.5,0,7,0,0.0,0.56,0.00,0.00,,26.9,1,0,0,0.3,0.3,0.04,-0.3,-0.3,Matches
90,Calum Chambers\Calum-Chambers,eng ENG,DF,Arsenal,26-053,1995,1.0,0,0,0,,0.00,0.00,,,,0,0,0,0.0,0.0,,0.0,0.0,Matches
91,Ben Chilwell\Ben-Chilwell,eng ENG,DF,Chelsea,24-083,1996,19.5,2,19,7,36.8,0.97,0.36,0.11,0.29,14.5,0,0,0,1.6,1.6,0.08,+0.4,+0.4,Matches
92,Hamza Choudhury\Hamza-Choudhury,eng ENG,MF,Leicester City,23-164,1997,3.4,0,4,1,25.0,1.18,0.30,0.00,0.00,19.3,0,0,0,0.4,0.4,0.09,-0.4,-0.4,Matches
93,Andreas Christensen\Andreas-Christensen,dk DEN,DF,Chelsea,24-338,1996,11.1,0,2,0,0.0,0.18,0.00,0.00,,12.1,0,0,0,0.1,0.1,0.03,-0.1,-0.1,Matches
94,Ciaran Clark\Ciaran-Clark,ie IRL,DF,Newcastle Utd,31-169,1989,16.4,1,8,2,25.0,0.49,0.12,0.13,0.50,10.4,0,0,0,0.3,0.3,0.04,+0.7,+0.7,Matches
95,Nathaniel Clyne\Nathaniel-Clyne,eng ENG,DF,Crystal Palace,29-343,1991,12.7,0,4,1,25.0,0.31,0.08,0.00,0.00,22.3,0,0,0,0.1,0.1,0.04,-0.1,-0.1,Matches
96,Conor Coady\Conor-Coady,eng ENG,DF,Wolves,28-017,1993,26.7,1,6,2,33.3,0.22,0.07,0.17,0.50,11.7,0,0,0,1.1,1.1,0.19,-0.1,-0.1,Matches
97,Séamus Coleman\Seamus-Coleman,ie IRL,DF,Everton,32-154,1988,10.0,0,6,4,66.7,0.60,0.40,0.00,0.00,19.5,0,0,0,0.5,0.5,0.09,-0.5,-0.5,Matches
98,Aaron Connolly\Aaron-Connolly,ie IRL,FW,Brighton,21-045,2000,8.0,2,21,8,38.1,2.62,1.00,0.10,0.25,13.4,0,0,0,3.3,3.3,0.16,-1.3,-1.3,Matches
99,Liam Cooper\Liam-Cooper,sco SCO,DF,Leeds United,29-196,1991,20.8,1,15,8,53.3,0.72,0.38,0.07,0.13,8.7,0,0,0,1.3,1.3,0.08,-0.3,-0.3,Matches
100,Jack Cork\Jack-Cork,eng ENG,MF,Burnley,31-262,1989,8.2,0,5,0,0.0,0.61,0.00,0.00,,19.8,0,0,0,0.3,0.3,0.06,-0.3,-0.3,Matches
101,Hélder Costa\Helder-Costa,pt POR,MF,Leeds United,27-061,1994,10.3,3,14,6,42.9,1.36,0.58,0.21,0.50,14.7,0,0,0,1.6,1.6,0.11,+1.4,+1.4,Matches
102,Vladimír Coufal\Vladimir-Coufal,cz CZE,DF,West Ham,28-204,1992,22.9,0,9,3,33.3,0.39,0.13,0.00,0.00,15.7,0,0,0,0.9,0.9,0.10,-0.9,-0.9,Matches
103,Aaron Cresswell\Aaron-Cresswell,eng ENG,DF,West Ham,31-089,1989,27.0,0,16,4,25.0,0.59,0.15,0.00,0.00,23.5,9,0,0,0.8,0.8,0.05,-0.8,-0.8,Matches
104,Patrick Cutrone\Patrick-Cutrone,it ITA,FWMF,Wolves,23-070,1998,0.3,0,1,0,0.0,3.60,0.00,0.00,,10.4,0,0,0,0.2,0.2,0.17,-0.2,-0.2,Matches
105,Stuart Dallas\Stuart-Dallas,nir NIR,DFMF,Leeds United,29-329,1991,27.9,5,29,11,37.9,1.04,0.39,0.17,0.45,20.6,0,0,0,2.7,2.7,0.09,+2.3,+2.3,Matches
106,Scott Dann\Scott-Dann,eng ENG,DF,Crystal Palace,34-028,1987,12.0,1,5,2,40.0,0.42,0.17,0.20,0.50,9.2,0,0,0,0.3,0.3,0.07,+0.7,+0.7,Matches
107,Karl Darlow\Karl-Darlow,eng ENG,GK,Newcastle Utd,30-157,1990,25.0,0,0,0,,0.00,0.00,,,,0,0,0,0.0,0.0,,0.0,0.0,Matches
108,Ben Davies\Ben-Davies,wal WAL,DF,Tottenham,27-324,1993,14.6,0,3,0,0.0,0.21,0.00,0.00,,13.0,0,0,0,0.2,0.2,0.07,-0.2,-0.2,Matches
109,Tom Davies\Tom-Davies,eng ENG,MFDF,Everton,22-257,1998,10.8,0,4,0,0.0,0.37,0.00,0.00,,26.3,0,0,0,0.1,0.1,0.02,-0.1,-0.1,Matches
110,Keinan Davis\Keinan-Davis,eng ENG,FW,Aston Villa,23-029,1998,0.8,0,3,0,0.0,3.55,0.00,0.00,,10.0,0,0,0,0.3,0.3,0.10,-0.3,-0.3,Matches
111,Leif Davis\Leif-Davis,eng ENG,DF,Leeds United,21-061,2000,0.4,0,0,0,,0.00,0.00,,,,0,0,0,0.0,0.0,,0.0,0.0,Matches
112,Craig Dawson\Craig-Dawson,eng ENG,DF,West Ham,30-312,1990,12.0,3,11,4,36.4,0.92,0.33,0.27,0.75,7.4,0,0,0,1.5,1.5,0.13,+1.5,+1.5,Matches
113,Kevin De Bruyne\Kevin-De-Bruyne,be BEL,MF,Manchester City,29-259,1991,20.2,5,75,23,30.7,3.71,1.14,0.04,0.13,20.1,9,2,3,9.5,7.3,0.10,-4.5,-4.3,Matches
114,Liam Delap\Liam-Delap,eng ENG,FW,Manchester City,18-034,2003,0.4,0,1,0,0.0,2.25,0.00,0.00,,12.0,0,0,0,0.0,0.0,0.03,0.0,0.0,Matches
115,Fabian Delph\Fabian-Delph,eng ENG,MFDF,Everton,31-113,1989,2.4,0,1,0,0.0,0.42,0.00,0.00,,30.4,0,0,0,0.0,0.0,0.03,0.0,0.0,Matches
116,Leander Dendoncker\Leander-Dendoncker,be BEL,MFDF,Wolves,25-333,1995,20.7,0,28,7,25.0,1.35,0.34,0.00,0.00,13.2,0,0,0,2.8,2.8,0.10,-2.8,-2.8,Matches
117,Mbaye Diagne\Mbaye-Diagne,sn SEN,FW,West Brom,29-137,1991,8.1,1,18,7,38.9,2.23,0.87,0.06,0.14,9.1,0,0,0,3.7,3.7,0.20,-2.7,-2.7,Matches
118,Ibrahima Diallo\Ibrahima-Diallo,fr FRA,MF,Southampton,22-006,1999,6.2,0,2,0,0.0,0.32,0.00,0.00,,16.9,0,0,0,0.3,0.3,0.14,-0.3,-0.3,Matches
119,Grady Diangana\Grady-Diangana,eng ENG,MFFW,West Brom,22-329,1998,12.1,1,12,5,41.7,0.99,0.41,0.08,0.20,16.1,0,0,0,1.0,1.0,0.08,0.0,0.0,Matches
120,Raphael Dias Belloli\Raphael-Dias-Belloli,br BRA,MF,Leeds United,24-090,1996,20.0,5,56,24,42.9,2.80,1.20,0.09,0.21,16.3,3,0,0,4.7,4.7,0.08,+0.3,+0.3,Matches
121,Rúben Dias\Ruben-Dias,pt POR,DF,Manchester City,23-304,1997,26.6,1,11,6,54.5,0.41,0.23,0.09,0.17,6.9,0,0,0,2.0,2.0,0.18,-1.0,-1.0,Matches
122,Eric Dier\Eric-Dier,eng ENG,DF,Tottenham,27-058,1994,21.0,0,12,2,16.7,0.57,0.10,0.00,0.00,22.8,7,0,0,0.5,0.5,0.05,-0.5,-0.5,Matches
123,Lucas Digne\Lucas-Digne,fr FRA,DFMF,Everton,27-237,1993,19.8,0,9,0,0.0,0.45,0.00,0.00,,21.9,2,0,0,0.5,0.5,0.05,-0.5,-0.5,Matches
124,Virgil van Dijk\Virgil-van-Dijk,nl NED,DF,Liverpool,29-249,1991,4.1,1,4,2,50.0,0.97,0.49,0.25,0.50,13.5,0,0,0,0.3,0.3,0.08,+0.7,+0.7,Matches
125,Issa Diop\Issa-Diop,fr FRA,DF,West Ham,24-064,1997,7.3,1,2,1,50.0,0.27,0.14,0.50,1.00,7.3,0,0,0,0.2,0.2,0.10,+0.8,+0.8,Matches
126,Moussa Djenepo\Moussa-Djenepo,ml MLI,MF,Southampton,22-272,1998,12.0,1,13,2,15.4,1.08,0.17,0.08,0.50,17.9,0,0,0,0.9,0.9,0.07,+0.1,+0.1,Matches
127,Matt Doherty\Matt-Doherty,ie IRL,DF,Tottenham,29-057,1992,11.7,0,1,1,100.0,0.09,0.09,0.00,0.00,5.8,0,0,0,0.3,0.3,0.34,-0.3,-0.3,Matches
128,Gabriel Dos Santos\Gabriel-Dos-Santos,br BRA,DF,Arsenal,23-085,1997,14.2,2,11,4,36.4,0.78,0.28,0.18,0.50,11.1,0,0,0,0.8,0.8,0.07,+1.2,+1.2,Matches
129,Abdoulaye Doucouré\Abdoulaye-Doucoure,fr FRA,MF,Everton,28-072,1993,23.7,2,15,5,33.3,0.63,0.21,0.13,0.40,17.2,0,0,0,2.0,2.0,0.13,0.0,0.0,Matches
130,Martin Dúbravka\Martin-Dubravka,sk SVK,GK,Newcastle Utd,32-058,1989,3.0,0,0,0,,0.00,0.00,,,,0,0,0,0.0,0.0,,0.0,0.0,Matches
131,Paul Dummett\Paul-Dummett,wal WAL,DF,Newcastle Utd,29-169,1991,3.9,0,0,0,,0.00,0.00,,,,0,0,0,0.0,0.0,,0.0,0.0,Matches
132,Lewis Dunk\Lewis-Dunk,eng ENG,DF,Brighton,29-113,1991,24.0,3,23,8,34.8,0.96,0.33,0.13,0.38,12.1,2,0,0,2.2,2.2,0.09,+0.8,+0.8,Matches
133,Jimmy Dunne\Jimmy-Dunne,ie IRL,DF,Burnley,23-146,1997,2.0,1,3,1,33.3,1.50,0.50,0.33,1.00,8.4,0,0,0,0.3,0.3,0.09,+0.7,+0.7,Matches
134,Ederson\Ederson,br BRA,GK,Manchester City,27-209,1993,29.0,0,0,0,,0.00,0.00,,,,0,0,0,0.0,0.0,,0.0,0.0,Matches
135,Kyle Edwards\Kyle-Edwards,eng ENG,MFFW,West Brom,23-025,1998,1.3,0,2,1,50.0,1.53,0.76,0.00,0.00,15.1,0,0,0,0.1,0.1,0.07,-0.1,-0.1,Matches
136,John Egan\John-Egan,ie IRL,DF,Sheffield Utd,28-145,1992,21.1,0,7,0,0.0,0.33,0.00,0.00,,10.3,0,0,0,0.4,0.4,0.05,-0.4,-0.4,Matches
137,Ahmed Elmohamady\Ahmed-Elmohamady,eg EGY,DF,Aston Villa,33-186,1987,6.8,0,5,0,0.0,0.73,0.00,0.00,,9.4,0,0,0,0.3,0.3,0.06,-0.3,-0.3,Matches
138,Mohamed Elneny\Mohamed-Elneny,eg EGY,MF,Arsenal,28-246,1992,11.9,0,5,0,0.0,0.42,0.00,0.00,,19.6,0,0,0,0.4,0.4,0.08,-0.4,-0.4,Matches
139,Jonny Evans\Jonny-Evans,nir NIR,DF,Leicester City,33-070,1988,21.5,0,4,1,25.0,0.19,0.05,0.00,0.00,8.3,0,0,0,0.6,0.6,0.15,-0.6,-0.6,Matches
140,Eberechi Eze\Eberechi-Eze,eng ENG,MF,Crystal Palace,22-258,1998,21.8,3,24,9,37.5,1.10,0.41,0.13,0.33,21.5,3,0,0,1.5,1.5,0.06,+1.5,+1.5,Matches
142,Fabinho\Fabinho,br BRA,DFMF,Liverpool,27-142,1993,18.5,0,5,0,0.0,0.27,0.00,0.00,,19.3,0,0,0,0.3,0.3,0.06,-0.3,-0.3,Matches
143,Bruno Fernandes\Bruno-Fernandes,pt POR,MF,Manchester Utd,26-187,1994,26.4,16,77,28,36.4,2.92,1.06,0.10,0.29,23.0,11,8,9,12.5,5.6,0.07,+3.5,+2.4,Matches
144,Federico Fernández\Federico-Fernandez,ar ARG,DF,Newcastle Utd,32-021,1989,15.3,0,1,1,100.0,0.07,0.07,0.00,0.00,5.8,0,0,0,0.1,0.1,0.08,-0.1,-0.1,Matches
145,Fernandinho\Fernandinho,br BRA,MF,Manchester City,35-314,1985,9.1,0,9,1,11.1,0.99,0.11,0.00,0.00,20.9,0,0,0,0.5,0.5,0.06,-0.5,-0.5,Matches
146,Sam Field\Sam-Field,eng ENG,MF,West Brom,22-310,1998,0.7,0,0,0,,0.00,0.00,,,,0,0,0,0.0,0.0,,0.0,0.0,Matches
147,Roberto Firmino\Roberto-Firmino,br BRA,FW,Liverpool,29-163,1991,23.8,6,64,23,35.9,2.68,0.96,0.09,0.26,13.1,0,0,0,10.6,10.6,0.17,-4.6,-4.6,Matches
148,John Fleck\John-Fleck,sco SCO,MF,Sheffield Utd,29-202,1991,18.6,0,14,4,28.6,0.75,0.21,0.00,0.00,22.2,0,0,0,0.7,0.7,0.05,-0.7,-0.7,Matches
149,Phil Foden\Phil-Foden,eng ENG,FWMF,Manchester City,20-290,2000,14.9,6,37,17,45.9,2.49,1.14,0.16,0.35,14.7,0,0,0,4.2,4.2,0.11,+1.8,+1.8,Matches
150,Wesley Fofana\Wesley-Fofana,fr FRA,DF,Leicester City,20-087,2000,16.7,0,7,0,0.0,0.42,0.00,0.00,,8.8,0,0,0,0.8,0.8,0.11,-0.8,-0.8,Matches
151,Pablo Fornals\Pablo-Fornals,es ESP,FWMF,West Ham,25-020,1996,20.0,2,30,8,26.7,1.50,0.40,0.07,0.25,15.9,0,0,0,4.0,4.0,0.13,-2.0,-2.0,Matches
152,Fraser Forster\Fraser-Forster,eng ENG,GK,Southampton,32-362,1988,3.0,0,0,0,,0.00,0.00,,,,0,0,0,0.0,0.0,,0.0,0.0,Matches
153,Timothy Fosu-Mensah\Timothy-Fosu-Mensah,nl NED,DF,Manchester Utd,23-071,1998,0.9,0,1,0,0.0,1.13,0.00,0.00,,28.4,0,0,0,0.0,0.0,0.03,0.0,0.0,Matches
154,Ryan Fraser\Ryan-Fraser,sco SCO,FWMF,Newcastle Utd,27-018,1994,9.3,0,11,5,45.5,1.18,0.54,0.00,0.00,21.2,0,0,0,0.8,0.8,0.07,-0.8,-0.8,Matches
155,Fred\Fred,br BRA,MF,Manchester Utd,28-009,1993,19.4,0,21,5,23.8,1.08,0.26,0.00,0.00,22.5,0,0,0,1.0,1.0,0.05,-1.0,-1.0,Matches
156,Ryan Fredericks\Ryan-Fredericks,eng ENG,DFFW,West Ham,28-155,1992,4.9,1,2,2,100.0,0.41,0.41,0.50,0.50,11.6,0,0,0,0.2,0.2,0.10,+0.8,+0.8,Matches
157,Christian Fuchs\Christian-Fuchs,at AUT,DF,Leicester City,34-341,1986,7.8,0,4,0,0.0,0.51,0.00,0.00,,26.4,0,0,0,0.1,0.1,0.02,-0.1,-0.1,Matches
158,Darnell Furlong\Darnell-Furlong,eng ENG,DF,West Brom,25-134,1995,23.6,1,16,3,18.8,0.68,0.13,0.06,0.33,13.5,0,0,0,1.1,1.1,0.07,-0.1,-0.1,Matches
159,Conor Gallagher\Conor-Gallagher,eng ENG,MF,West Brom,21-036,2000,21.9,2,26,6,23.1,1.19,0.27,0.08,0.33,20.9,0,0,0,1.3,1.3,0.05,+0.7,+0.7,Matches
160,Eric García\Eric-Garcia,es ESP,DF,Manchester City,20-064,2001,2.4,0,1,0,0.0,0.41,0.00,0.00,,33.0,0,0,0,0.0,0.0,0.01,0.0,0.0,Matches
161,Dwight Gayle\Dwight-Gayle,eng ENG,FWMF,Newcastle Utd,30-148,1990,3.3,1,8,3,37.5,2.39,0.90,0.13,0.33,12.5,1,0,0,0.8,0.8,0.10,+0.2,+0.2,Matches
162,David de Gea\David-de-Gea,es ESP,GK,Manchester Utd,30-127,1990,23.5,0,0,0,,0.00,0.00,,,,0,0,0,0.0,0.0,,0.0,0.0,Matches
163,Anwar El Ghazi\Anwar-El-Ghazi,nl NED,FW,Aston Villa,25-315,1995,9.8,6,38,20,52.6,3.88,2.04,0.11,0.20,19.8,3,2,2,4.8,3.3,0.09,+1.2,+0.7,Matches
164,Kieran Gibbs\Kieran-Gibbs,eng ENG,DF,West Brom,31-169,1989,9.0,0,1,0,0.0,0.11,0.00,0.00,,12.1,0,0,0,0.0,0.0,0.05,0.0,0.0,Matches
165,Morgan Gibbs-White\Morgan-Gibbs-White,eng ENG,FWMF,Wolves,21-046,2000,1.1,0,0,0,,0.00,0.00,,,,0,0,0,0.0,0.0,,0.0,0.0,Matches
166,Billy Gilmour\Billy-Gilmour,sco SCO,MF,Chelsea,19-276,2001,0.4,0,0,0,,0.00,0.00,,,,0,0,0,0.0,0.0,,0.0,0.0,Matches
167,Olivier Giroud\Olivier-Giroud,fr FRA,FW,Chelsea,34-165,1986,7.9,4,24,9,37.5,3.06,1.15,0.17,0.44,10.9,0,0,0,3.9,3.9,0.16,+0.1,+0.1,Matches
168,Ben Godfrey\Ben-Godfrey,eng ENG,DF,Everton,23-058,1998,20.7,0,5,1,20.0,0.24,0.05,0.00,0.00,13.1,0,0,0,0.4,0.4,0.09,-0.4,-0.4,Matches
169,André Gomes\Andre-Gomes,pt POR,MF,Everton,27-227,1993,15.2,0,11,3,27.3,0.73,0.20,0.00,0.00,26.0,0,0,0,0.3,0.3,0.03,-0.3,-0.3,Matches
170,Joe Gomez\Joe-Gomez,eng ENG,DF,Liverpool,23-295,1997,6.6,0,0,0,,0.00,0.00,,,,0,0,0,0.0,0.0,,0.0,0.0,Matches
171,Anthony Gordon\Anthony-Gordon,eng ENG,FWMF,Everton,20-018,2001,1.0,0,0,0,,0.00,0.00,,,,0,0,0,0.0,0.0,,0.0,0.0,Matches
172,Karlan Grant\Karlan-Grant,eng ENG,FWMF,West Brom,23-177,1997,12.1,1,16,9,56.3,1.33,0.75,0.06,0.11,15.0,1,0,0,2.1,2.1,0.13,-1.1,-1.1,Matches
173,Demarai Gray\Demarai-Gray,eng ENG,FW,Leicester City,24-259,1996,0.2,0,1,0,0.0,4.74,0.00,0.00,,26.0,1,0,0,0.1,0.1,0.09,-0.1,-0.1,Matches
174,Jack Grealish\Jack-Grealish,eng ENG,FWMF,Aston Villa,25-185,1995,22.0,6,46,16,34.8,2.09,0.73,0.13,0.38,16.4,2,0,0,4.2,4.2,0.09,+1.8,+1.8,Matches
175,Mason Greenwood\Mason-Greenwood,eng ENG,FW,Manchester Utd,19-164,2001,13.4,1,35,9,25.7,2.62,0.67,0.03,0.11,17.5,0,0,0,3.1,3.1,0.09,-2.1,-2.1,Matches
176,Pascal Groß\Pascal-Gross,de GER,MF,Brighton,29-272,1991,16.9,2,20,3,15.0,1.19,0.18,0.00,0.00,20.1,3,2,3,3.9,1.6,0.08,-1.9,-1.6,Matches
177,Kamil Grosicki\Kamil-Grosicki,pl POL,FWMF,West Brom,32-279,1988,1.6,0,3,0,0.0,1.82,0.00,0.00,,21.2,0,0,0,0.1,0.1,0.03,-0.1,-0.1,Matches
178,Vicente Guaita\Vicente-Guaita,es ESP,GK,Crystal Palace,34-063,1987,29.0,0,0,0,,0.00,0.00,,,,0,0,0,0.0,0.0,,0.0,0.0,Matches
179,İlkay Gündoğan\Ilkay-Gundogan,de GER,MF,Manchester City,30-141,1990,19.3,12,42,19,45.2,2.17,0.98,0.26,0.58,15.8,2,1,2,8.3,6.8,0.16,+3.7,+4.2,Matches
180,Antwoine Hackford\Antwoine-Hackford,eng ENG,DFFW,Sheffield Utd,16-359,2004,0.1,0,1,0,0.0,8.18,0.00,0.00,,12.1,0,0,0,0.1,0.1,0.14,-0.1,-0.1,Matches
181,Sébastien Haller\Sebastien-Haller,ci CIV,FW,West Ham,26-265,1994,10.4,3,25,11,44.0,2.40,1.06,0.12,0.27,9.5,0,0,0,2.9,2.9,0.12,+0.1,+0.1,Matches
182,Rekeem Harper\Rekeem-Harper,eng ENG,MF,West Brom,21-006,2000,0.4,0,1,1,100.0,2.81,2.81,0.00,0.00,23.0,0,0,0,0.0,0.0,0.04,0.0,0.0,Matches
183,Jack Harrison\Jack-Harrison,eng ENG,MF,Leeds United,24-114,1996,22.9,6,34,12,35.3,1.49,0.52,0.18,0.50,16.0,1,0,0,4.3,4.3,0.13,+1.7,+1.7,Matches
184,Kortney Hause\Kortney-Hause,eng ENG,DF,Aston Villa,25-241,1995,4.0,1,3,1,33.3,0.75,0.25,0.33,1.00,6.4,0,0,0,1.1,1.1,0.36,-0.1,-0.1,Matches
185,Kai Havertz\Kai-Havertz,de GER,MFFW,Chelsea,21-276,1999,13.0,1,19,8,42.1,1.47,0.62,0.05,0.13,13.2,0,0,0,2.9,2.9,0.15,-1.9,-1.9,Matches
186,Isaac Hayden\Isaac-Hayden,eng ENG,MFDF,Newcastle Utd,25-357,1995,21.1,0,12,2,16.7,0.57,0.09,0.00,0.00,20.8,0,0,0,0.5,0.5,0.04,-0.5,-0.5,Matches
187,Michael Hector\Michael-Hector,jm JAM,DF,Fulham,28-238,1992,2.9,0,1,0,0.0,0.34,0.00,0.00,,10.0,0,0,0,0.1,0.1,0.09,-0.1,-0.1,Matches
188,Ahmed Hegazi\Ahmed-Hegazi,eg EGY,DF,West Brom,30-048,1991,1.0,0,0,0,,0.00,0.00,,,,0,0,0,0.0,0.0,,0.0,0.0,Matches
189,Dean Henderson\Dean-Henderson,eng ENG,GK,Manchester Utd,24-002,1997,4.5,0,0,0,,0.00,0.00,,,,0,0,0,0.0,0.0,,0.0,0.0,Matches
190,Jordan Henderson\Jordan-Henderson,eng ENG,MFDF,Liverpool,30-270,1990,18.9,1,14,4,28.6,0.74,0.21,0.07,0.25,17.6,0,0,0,1.7,1.7,0.12,-0.7,-0.7,Matches
191,Jeff Hendrick\Jeff-Hendrick,ie IRL,MF,Newcastle Utd,29-042,1992,15.1,2,11,2,18.2,0.73,0.13,0.18,1.00,17.6,0,0,0,1.1,1.1,0.10,+0.9,+0.9,Matches
192,Pablo Hernández\Pablo-Hernandez,es ESP,MF,Leeds United,35-337,1985,3.8,0,10,1,10.0,2.64,0.26,0.00,0.00,17.6,0,0,0,0.9,0.9,0.09,-0.9,-0.9,Matches
193,Son Heung-min\Son-Heung-min,kr KOR,FW,Tottenham,28-249,1992,25.9,13,51,27,52.9,1.97,1.04,0.25,0.48,17.1,1,0,0,7.8,7.8,0.15,+5.2,+5.2,Matches
194,Ki-Jana Hoever\Ki-Jana-Hoever,nl NED,DF,Wolves,19-055,2002,4.4,0,1,0,0.0,0.23,0.00,0.00,,18.7,0,0,0,0.1,0.1,0.09,-0.1,-0.1,Matches
195,Rob Holding\Rob-Holding,eng ENG,DF,Arsenal,25-175,1995,20.4,0,14,2,14.3,0.69,0.10,0.00,0.00,12.2,0,0,0,1.1,1.1,0.08,-1.1,-1.1,Matches
196,Mason Holgate\Mason-Holgate,eng ENG,DF,Everton,24-143,1996,17.6,1,4,2,50.0,0.23,0.11,0.25,0.50,11.8,0,0,0,0.7,0.7,0.19,+0.3,+0.3,Matches
197,Conor Hourihane\Conor-Hourihane,ie IRL,MF,Aston Villa,30-040,1991,2.5,1,5,2,40.0,2.00,0.80,0.20,0.50,21.3,1,0,0,0.5,0.5,0.10,+0.5,+0.5,Matches
198,Callum Hudson-Odoi\Callum-Hudson-Odoi,eng ENG,FWDF,Chelsea,20-127,2000,10.0,2,20,6,30.0,2.00,0.60,0.10,0.33,19.1,0,0,0,1.2,1.2,0.06,+0.8,+0.8,Matches
199,Niall Huggins\Niall-Huggins,wal WAL,DF,Leeds United,20-086,2000,0.4,0,0,0,,0.00,0.00,,,,0,0,0,0.0,0.0,,0.0,0.0,Matches
200,Pierre Højbjerg\Pierre-Hojbjerg,dk DEN,MF,Tottenham,25-221,1995,27.0,1,9,4,44.4,0.33,0.15,0.11,0.25,24.9,0,0,0,0.5,0.5,0.06,+0.5,+0.5,Matches
201,Odion Ighalo\Odion-Ighalo,ng NGA,FW,Manchester Utd,31-271,1989,0.1,0,0,0,,0.00,0.00,,,,0,0,0,0.0,0.0,,0.0,0.0,Matches
202,Kelechi Iheanacho\Kelechi-Iheanacho,ng NGA,FW,Leicester City,24-162,1996,7.1,3,20,5,25.0,2.83,0.71,0.15,0.60,16.4,0,0,1,2.8,2.1,0.10,+0.2,+0.9,Matches
203,Danny Ings\Danny-Ings,eng ENG,FW,Southampton,28-234,1992,18.7,8,39,18,46.2,2.08,0.96,0.15,0.33,15.6,0,2,2,6.3,4.8,0.12,+1.7,+1.2,Matches
204,Branislav Ivanović\Branislav-Ivanovic,rs SRB,DF,West Brom,37-020,1984,8.4,0,4,1,25.0,0.48,0.12,0.00,0.00,6.5,0,0,0,0.6,0.6,0.15,-0.6,-0.6,Matches
205,Alex Iwobi\Alex-Iwobi,ng NGA,FWDF,Everton,24-315,1996,14.7,1,11,3,27.3,0.75,0.20,0.09,0.33,18.6,0,0,0,0.8,0.8,0.07,+0.2,+0.2,Matches
206,Phil Jagielka\Phil-Jagielka,eng ENG,DF,Sheffield Utd,38-209,1982,4.8,0,0,0,,0.00,0.00,,,,0,0,0,0.0,0.0,,0.0,0.0,Matches
207,Alireza Jahanbakhsh\Alireza-Jahanbakhsh,ir IRN,FWMF,Brighton,27-215,1993,2.9,0,12,2,16.7,4.09,0.68,0.00,0.00,15.3,0,0,0,1.2,1.2,0.10,-1.2,-1.2,Matches
208,Daniel James\Daniel-James,wal WAL,FW,Manchester Utd,23-124,1997,7.1,3,16,6,37.5,2.26,0.85,0.19,0.50,16.8,0,0,0,1.9,1.9,0.12,+1.1,+1.1,Matches
209,Reece James\Reece-James,eng ENG,DF,Chelsea,21-096,1999,19.1,1,28,10,35.7,1.46,0.52,0.04,0.10,20.7,3,0,0,1.2,1.2,0.04,-0.2,-0.2,Matches
210,Alexandre Jankewitz\Alexandre-Jankewitz,ch SUI,MF,Southampton,19-079,2001,0.0,0,0,0,,0.00,0.00,,,,0,0,0,0.0,0.0,,0.0,0.0,Matches
211,Gabriel Jesus\Gabriel-Jesus,br BRA,FW,Manchester City,23-345,1997,16.5,7,37,12,32.4,2.25,0.73,0.19,0.58,12.1,0,0,0,6.5,6.5,0.18,+0.5,+0.5,Matches
212,Raúl Jiménez\Raul-Jimenez,mx MEX,FW,Wolves,29-313,1991,9.1,4,26,10,38.5,2.84,1.09,0.15,0.40,15.4,0,0,0,2.4,2.4,0.09,+1.6,+1.6,Matches
213,Joelinton\Joelinton,br BRA,FWMF,Newcastle Utd,24-212,1996,16.1,1,33,13,39.4,2.05,0.81,0.03,0.08,15.1,0,0,0,2.8,2.8,0.09,-1.8,-1.8,Matches
214,Ben Johnson\Ben-Johnson,eng ENG,DF,West Ham,21-049,2000,3.7,1,1,1,100.0,0.27,0.27,1.00,1.00,10.2,0,0,0,0.3,0.3,0.33,+0.7,+0.7,Matches
215,Sam Johnstone\Sam-Johnstone,eng ENG,GK,West Brom,27-354,1993,28.0,0,0,0,,0.00,0.00,,,,0,0,0,0.0,0.0,,0.0,0.0,Matches
216,Curtis Jones\Curtis-Jones,eng ENG,MF,Liverpool,20-043,2001,12.1,1,19,8,42.1,1.57,0.66,0.05,0.13,18.7,0,0,0,1.4,1.4,0.07,-0.4,-0.4,Matches
217,Jorginho\Jorginho,it ITA,MF,Chelsea,29-084,1991,16.0,6,6,0,0.0,0.38,0.00,0.00,,37.5,0,6,8,6.2,0.1,0.02,-0.2,-0.1,Matches
218,Willian José\Willian-Jose,br BRA,FW,Wolves,29-111,1991,6.6,0,10,3,30.0,1.53,0.46,0.00,0.00,13.1,0,0,0,0.6,0.6,0.06,-0.6,-0.6,Matches
219,Diogo Jota\Diogo-Jota,pt POR,FW,Liverpool,24-100,1996,6.9,5,21,12,57.1,3.04,1.74,0.24,0.42,14.9,0,0,0,2.7,2.7,0.13,+2.3,+2.3,Matches
220,James Justin\James-Justin,eng ENG,DF,Leicester City,23-019,1998,23.0,2,10,3,30.0,0.43,0.13,0.20,0.67,14.9,0,0,0,1.6,1.6,0.16,+0.4,+0.4,Matches
221,Ozan Kabak\Ozan-Kabak,tr TUR,DF,Liverpool,20-354,2000,4.0,0,0,0,,0.00,0.00,,,,0,0,0,0.0,0.0,,0.0,0.0,Matches
222,Aboubakar Kamara\Aboubakar-Kamara,fr FRA,FWDF,Fulham,26-007,1995,3.5,0,4,2,50.0,1.14,0.57,0.00,0.00,20.7,0,0,0,0.4,0.4,0.10,-0.4,-0.4,Matches
223,Harry Kane\Harry-Kane,eng ENG,FW,Tottenham,27-229,1993,24.3,16,93,34,36.6,3.83,1.40,0.14,0.38,17.8,8,3,3,13.8,11.5,0.12,+2.2,+1.5,Matches
224,N'Golo Kanté\NGolo-Kante,fr FRA,MF,Chelsea,29-350,1991,21.1,0,9,2,22.2,0.43,0.09,0.00,0.00,19.5,0,0,0,0.8,0.8,0.09,-0.8,-0.8,Matches
225,Moise Kean\Moise-Kean,it ITA,FW,Everton,21-014,2000,0.2,0,1,0,0.0,6.00,0.00,0.00,,23.1,0,0,0,0.0,0.0,0.03,0.0,0.0,Matches
226,Michael Keane\Michael-Keane,eng ENG,DF,Everton,28-062,1993,25.2,3,13,5,38.5,0.52,0.20,0.23,0.60,10.8,0,0,0,1.2,1.2,0.09,+1.8,+1.8,Matches
227,Neeskens Kebano\Neeskens-Kebano,cd COD,FWMF,Fulham,29-004,1992,1.3,0,6,0,0.0,4.54,0.00,0.00,,18.7,1,0,0,0.3,0.3,0.05,-0.3,-0.3,Matches
230,Jonjoe Kenny\Jonjoe-Kenny,eng ENG,DF,Everton,23-364,1997,0.9,0,0,0,,0.00,0.00,,,,0,0,0,0.0,0.0,,0.0,0.0,Matches
231,Reda Khadra\Reda-Khadra,de GER,FW,Brighton,19-253,2001,0.1,0,0,0,,0.00,0.00,,,,0,0,0,0.0,0.0,,0.0,0.0,Matches
233,Joshua King\Joshua-King,no NOR,MFFW,Everton,29-058,1992,1.4,0,0,0,,0.00,0.00,,,,0,0,0,0.0,0.0,,0.0,0.0,Matches
234,Mateusz Klich\Mateusz-Klich,pl POL,MF,Leeds United,30-274,1990,23.2,3,27,7,25.9,1.17,0.30,0.04,0.14,22.7,0,2,2,2.9,1.3,0.05,+0.1,-0.3,Matches
235,Robin Koch\Robin-Koch,de GER,DF,Leeds United,24-240,1996,10.1,0,7,2,28.6,0.69,0.20,0.00,0.00,9.1,0,0,0,0.7,0.7,0.10,-0.7,-0.7,Matches
237,Ezri Konsa\Ezri-Konsa,eng ENG,DF,Aston Villa,23-142,1997,24.5,2,14,5,35.7,0.57,0.20,0.14,0.40,8.9,0,0,0,1.4,1.4,0.10,+0.6,+0.6,Matches
240,Emil Krafth\Emil-Krafth,se SWE,DF,Newcastle Utd,26-224,1994,9.6,0,4,2,50.0,0.41,0.21,0.00,0.00,26.8,0,0,0,0.1,0.1,0.02,-0.1,-0.1,Matches
241,Filip Krovinović\Filip-Krovinovic,hr CRO,MF,West Brom,25-197,1995,6.1,0,8,2,25.0,1.32,0.33,0.00,0.00,24.1,0,0,0,0.2,0.2,0.03,-0.2,-0.2,Matches
242,Alexandre Lacazette\Alexandre-Lacazette,fr FRA,FW,Arsenal,29-290,1991,16.0,9,29,20,69.0,1.81,1.25,0.24,0.35,13.0,2,2,2,6.8,5.3,0.18,+2.2,+1.7,Matches
243,Adam Lallana\Adam-Lallana,eng ENG,MFFW,Brighton,32-308,1988,11.2,1,14,2,14.3,1.25,0.18,0.07,0.50,16.2,0,0,0,1.7,1.7,0.12,-0.7,-0.7,Matches
244,Érik Lamela\Erik-Lamela,ar ARG,FWMF,Tottenham,29-010,1992,6.0,0,16,6,37.5,2.65,0.99,0.00,0.00,20.3,4,0,0,1.0,1.0,0.06,-1.0,-1.0,Matches
245,Tariq Lamptey\Tariq-Lamptey,eng ENG,DF,Brighton,20-165,2000,9.8,1,6,2,33.3,0.61,0.20,0.17,0.50,12.1,0,0,0,0.6,0.6,0.09,+0.4,+0.4,Matches
246,Manuel Lanzini\Manuel-Lanzini,ar ARG,MFFW,West Ham,28-027,1993,4.2,1,10,3,30.0,2.37,0.71,0.10,0.33,17.1,1,0,0,1.1,1.1,0.11,-0.1,-0.1,Matches
247,Aymeric Laporte\Aymeric-Laporte,fr FRA,DF,Manchester City,26-291,1994,11.4,0,5,1,20.0,0.44,0.09,0.00,0.00,12.9,0,0,0,0.3,0.3,0.07,-0.3,-0.3,Matches
248,Jamaal Lascelles\Jamaal-Lascelles,eng ENG,DF,Newcastle Utd,27-123,1993,16.1,2,14,3,21.4,0.87,0.19,0.14,0.67,9.4,0,0,0,0.9,0.9,0.07,+1.1,+1.1,Matches
249,Maxime Le Marchand\Maxime-Le-Marchand,fr FRA,DF,Fulham,31-154,1989,1.4,0,1,0,0.0,0.73,0.00,0.00,,33.0,0,0,0,0.0,0.0,0.01,0.0,0.0,Matches
250,Mario Lemina\Mario-Lemina,ga GAB,MF,Fulham,27-194,1993,12.2,1,12,2,16.7,0.99,0.16,0.08,0.50,22.5,0,0,0,0.8,0.8,0.06,+0.2,+0.2,Matches
251,Bernd Leno\Bernd-Leno,de GER,GK,Arsenal,29-010,1992,25.8,0,0,0,,0.00,0.00,,,,0,0,0,0.0,0.0,,0.0,0.0,Matches
252,Jamal Lewis\Jamal-Lewis,nir NIR,DF,Newcastle Utd,23-048,1998,20.3,0,3,1,33.3,0.15,0.05,0.00,0.00,18.7,0,0,0,0.2,0.2,0.07,-0.2,-0.2,Matches
254,Jesse Lingard\Jesse-Lingard,eng ENG,MFFW,West Ham,28-089,1992,5.8,4,18,10,55.6,3.09,1.71,0.22,0.40,19.3,0,0,1,2.3,1.3,0.08,+1.7,+2.7,Matches
255,Jake Livermore\Jake-Livermore,eng ENG,MF,West Brom,31-120,1989,13.6,0,5,0,0.0,0.37,0.00,0.00,,19.6,0,0,0,0.2,0.2,0.05,-0.2,-0.2,Matches
256,Diego Llorente\Diego-Llorente,es ESP,DF,Leeds United,27-210,1993,5.0,0,4,2,50.0,0.80,0.40,0.00,0.00,11.5,0,0,0,0.4,0.4,0.11,-0.4,-0.4,Matches
257,Hugo Lloris\Hugo-Lloris,fr FRA,GK,Tottenham,34-078,1986,27.0,0,0,0,,0.00,0.00,,,,0,0,0,0.0,0.0,,0.0,0.0,Matches
258,Giovani Lo Celso\Giovani-Lo-Celso,ar ARG,MFFW,Tottenham,24-339,1996,4.9,1,9,5,55.6,1.85,1.03,0.11,0.20,16.4,1,0,0,0.8,0.8,0.09,+0.2,+0.2,Matches
259,Ruben Loftus-Cheek\Ruben-Loftus-Cheek,eng ENG,FW,Chelsea,25-050,1996,0.7,0,0,0,,0.00,0.00,,,,0,0,0,0.0,0.0,,0.0,0.0,Matches
260,Ruben Loftus-Cheek\Ruben-Loftus-Cheek,eng ENG,MFFW,Fulham,25-050,1996,18.1,1,32,8,25.0,1.76,0.44,0.03,0.13,15.5,0,0,0,2.8,2.8,0.09,-1.8,-1.8,Matches
261,Kevin Long\Kevin-Long,ie IRL,DF,Burnley,30-208,1990,7.1,0,2,0,0.0,0.28,0.00,0.00,,8.3,0,0,0,0.3,0.3,0.15,-0.3,-0.3,Matches
262,Shane Long\Shane-Long,ie IRL,FWMF,Southampton,34-051,1987,2.3,0,2,1,50.0,0.86,0.43,0.00,0.00,19.1,0,0,0,0.0,0.0,0.02,0.0,0.0,Matches
263,Matthew Longstaff\Matthew-Longstaff,eng ENG,MF,Newcastle Utd,20-358,2000,4.2,0,0,0,,0.00,0.00,,,,0,0,0,0.0,0.0,,0.0,0.0,Matches
264,Sean Longstaff\Sean-Longstaff,eng ENG,MF,Newcastle Utd,23-135,1997,9.2,0,8,4,50.0,0.87,0.44,0.00,0.00,21.1,1,0,0,0.6,0.6,0.07,-0.6,-0.6,Matches
265,Ademola Lookman\Ademola-Lookman,eng ENG,FWMF,Fulham,23-145,1997,24.3,4,57,19,33.3,2.35,0.78,0.07,0.21,17.6,3,0,1,4.7,3.9,0.07,-0.7,+0.1,Matches
266,Max Lowe\Max-Lowe,eng ENG,DF,Sheffield Utd,23-307,1997,6.1,0,2,1,50.0,0.33,0.16,0.00,0.00,23.0,0,0,0,0.1,0.1,0.03,-0.1,-0.1,Matches
267,Matthew Lowton\Matthew-Lowton,eng ENG,DF,Burnley,31-278,1989,25.0,1,13,2,15.4,0.52,0.08,0.08,0.50,23.3,0,0,0,0.4,0.4,0.03,+0.6,+0.6,Matches
268,David Luiz\David-Luiz,br BRA,DF,Arsenal,33-326,1987,12.9,1,12,1,8.3,0.93,0.08,0.08,1.00,18.4,3,0,0,0.8,0.8,0.07,+0.2,+0.2,Matches
269,Douglas Luiz\Douglas-Luiz,br BRA,MF,Aston Villa,22-309,1998,22.3,0,21,6,28.6,0.94,0.27,0.00,0.00,24.1,1,0,0,1.2,1.2,0.06,-1.2,-1.2,Matches
270,John Lundstram\John-Lundstram,eng ENG,MF,Sheffield Utd,27-024,1994,19.3,0,19,4,21.1,0.98,0.21,0.00,0.00,23.2,1,0,1,2.0,1.3,0.07,-2.0,-1.3,Matches
271,Alexis Mac Allister\Alexis-Mac-Allister,ar ARG,MFFW,Brighton,22-080,1998,9.0,1,21,3,14.3,2.32,0.33,0.05,0.33,20.4,1,0,0,0.9,0.9,0.04,+0.1,+0.1,Matches
272,James Maddison\James-Maddison,eng ENG,MFFW,Leicester City,24-111,1996,18.1,8,54,18,33.3,2.99,1.00,0.15,0.44,24.2,11,0,0,3.4,3.4,0.06,+4.6,+4.6,Matches
273,Harry Maguire\Harry-Maguire,eng ENG,DF,Manchester Utd,28-009,1993,28.0,2,31,9,29.0,1.11,0.32,0.06,0.22,11.1,0,0,0,1.7,1.7,0.06,+0.3,+0.3,Matches
274,Riyad Mahrez\Riyad-Mahrez,dz ALG,FW,Manchester City,30-021,1991,18.1,9,48,18,37.5,2.65,1.00,0.19,0.50,16.4,1,0,0,4.3,4.3,0.09,+4.7,+4.7,Matches
275,Ainsley Maitland-Niles\Ainsley-Maitland-Niles,eng ENG,DF,Arsenal,23-197,1997,5.4,0,2,1,50.0,0.37,0.18,0.00,0.00,20.5,0,0,0,0.1,0.1,0.06,-0.1,-0.1,Matches
276,Ainsley Maitland-Niles\Ainsley-Maitland-Niles,eng ENG,MF,West Brom,23-197,1997,7.0,0,4,1,25.0,0.57,0.14,0.00,0.00,22.0,0,0,0,0.3,0.3,0.07,-0.3,-0.3,Matches
277,Josh Maja\Josh-Maja,ng NGA,FW,Fulham,22-077,1998,5.6,2,14,6,42.9,2.50,1.07,0.14,0.33,13.7,0,0,0,3.5,3.5,0.25,-1.5,-1.5,Matches
278,Sadio Mané\Sadio-Mane,sn SEN,FW,Liverpool,28-338,1992,23.1,7,68,26,38.2,2.94,1.13,0.10,0.27,12.6,0,0,0,10.7,10.7,0.16,-3.7,-3.7,Matches
279,Javier Manquillo\Javier-Manquillo,es ESP,DF,Newcastle Utd,26-313,1994,8.1,0,1,0,0.0,0.12,0.00,0.00,,22.8,0,0,0,0.0,0.0,0.02,0.0,0.0,Matches
280,Fernando Marçal\Fernando-Marcal,br BRA,DF,Wolves,32-023,1989,6.8,0,2,0,0.0,0.29,0.00,0.00,,25.7,0,0,0,0.1,0.1,0.03,-0.1,-0.1,Matches
281,Solly March\Solly-March,eng ENG,DF,Brighton,26-237,1994,18.6,2,22,4,18.2,1.18,0.22,0.09,0.50,17.3,1,0,0,1.7,1.7,0.08,+0.3,+0.3,Matches
282,Pablo Marí\Pablo-Mari,es ESP,DF,Arsenal,27-195,1993,6.0,0,2,0,0.0,0.33,0.00,0.00,,21.3,0,0,0,0.0,0.0,0.02,0.0,0.0,Matches
283,Anthony Martial\Anthony-Martial,fr FRA,FW,Manchester Utd,25-099,1995,16.4,4,43,21,48.8,2.61,1.28,0.09,0.19,14.1,0,0,0,6.6,6.6,0.15,-2.6,-2.6,Matches
284,Martinelli\Martinelli,br BRA,FW,Arsenal,19-269,2001,2.3,0,7,2,28.6,3.01,0.86,0.00,0.00,12.7,0,0,0,0.8,0.8,0.11,-0.8,-0.8,Matches
285,Emiliano Martínez\Emiliano-Martinez,ar ARG,GK,Aston Villa,28-193,1992,27.0,0,0,0,,0.00,0.00,,,,0,0,0,0.0,0.0,,0.0,0.0,Matches
286,Arthur Masuaku\Arthur-Masuaku,cd COD,DF,West Ham,27-127,1993,9.4,0,6,2,33.3,0.64,0.21,0.00,0.00,21.3,0,0,0,0.3,0.3,0.05,-0.3,-0.3,Matches
287,Juan Mata\Juan-Mata,es ESP,FW,Manchester Utd,32-320,1988,3.8,0,4,3,75.0,1.07,0.80,0.00,0.00,17.6,0,0,0,0.3,0.3,0.08,-0.3,-0.3,Matches
288,Jean-Philippe Mateta\Jean-Philippe-Mateta,fr FRA,FW,Crystal Palace,23-259,1997,1.9,1,3,1,33.3,1.59,0.53,0.33,1.00,12.3,0,0,0,0.2,0.2,0.05,+0.8,+0.8,Matches
289,Nemanja Matić\Nemanja-Matic,rs SRB,MF,Manchester Utd,32-225,1988,10.2,0,6,3,50.0,0.59,0.30,0.00,0.00,21.1,0,0,0,0.3,0.3,0.05,-0.3,-0.3,Matches
290,Joël Matip\Joel-Matip,cm CMR,DF,Liverpool,29-218,1991,7.7,1,5,2,40.0,0.65,0.26,0.20,0.50,6.8,0,0,0,0.6,0.6,0.13,+0.4,+0.4,Matches
291,Neal Maupay\Neal-Maupay,fr FRA,FWMF,Brighton,24-212,1996,20.8,7,53,18,34.0,2.55,0.87,0.08,0.22,14.4,0,3,4,10.3,7.3,0.14,-3.3,-3.3,Matches
292,James McArthur\James-McArthur,sco SCO,MF,Crystal Palace,33-158,1987,16.3,0,6,0,0.0,0.37,0.00,0.00,,19.2,0,0,0,0.2,0.2,0.04,-0.2,-0.2,Matches
293,Oliver McBurnie\Oliver-McBurnie,sco SCO,FW,Sheffield Utd,24-283,1996,13.7,1,28,12,42.9,2.05,0.88,0.04,0.08,11.0,0,0,0,3.0,3.0,0.11,-2.0,-2.0,Matches
294,Alex McCarthy\Alex-McCarthy,eng ENG,GK,Southampton,31-101,1989,25.0,0,0,0,,0.00,0.00,,,,0,0,0,0.0,0.0,,0.0,0.0,Matches
295,James McCarthy\James-McCarthy,ie IRL,MF,Crystal Palace,30-122,1990,6.0,0,1,0,0.0,0.17,0.00,0.00,,28.0,0,0,0,0.0,0.0,0.01,0.0,0.0,Matches
296,John McGinn\John-McGinn,sco SCO,MF,Aston Villa,26-147,1994,26.0,1,31,6,19.4,1.19,0.23,0.03,0.17,21.1,0,0,0,1.6,1.6,0.05,-0.6,-0.6,Matches
297,David McGoldrick\David-McGoldrick,ie IRL,FWMF,Sheffield Utd,33-105,1987,18.0,6,45,21,46.7,2.50,1.17,0.13,0.29,17.1,0,0,0,4.9,4.9,0.11,+1.1,+1.1,Matches
298,Dwight McNeil\Dwight-McNeil,eng ENG,MF,Burnley,21-112,1999,25.7,2,19,5,26.3,0.74,0.19,0.11,0.40,22.9,1,0,0,0.8,0.8,0.04,+1.2,+1.2,Matches
299,Scott McTominay\Scott-McTominay,sco SCO,MF,Manchester Utd,24-096,1996,16.9,4,17,5,29.4,1.01,0.30,0.24,0.80,17.5,0,0,0,1.1,1.1,0.06,+2.9,+2.9,Matches
300,Ben Mee\Ben-Mee,eng ENG,DF,Burnley,31-172,1989,21.9,2,14,5,35.7,0.64,0.23,0.14,0.40,10.8,0,0,0,1.3,1.3,0.09,+0.7,+0.7,Matches
301,Benjamin Mendy\Benjamin-Mendy,fr FRA,DF,Manchester City,26-240,1994,6.7,1,3,1,33.3,0.45,0.15,0.33,1.00,19.1,0,0,0,0.1,0.1,0.04,+0.9,+0.9,Matches
302,Edouard Mendy\Edouard-Mendy,sn SEN,GK,Chelsea,29-013,1992,24.0,0,0,0,,0.00,0.00,,,,0,0,0,0.0,0.0,,0.0,0.0,Matches
303,Nampalys Mendy\Nampalys-Mendy,fr FRA,MF,Leicester City,28-264,1992,15.2,0,3,1,33.3,0.20,0.07,0.00,0.00,25.4,0,0,0,0.1,0.1,0.02,-0.1,-0.1,Matches
304,Illan Meslier\Illan-Meslier,fr FRA,GK,Leeds United,21-012,2000,27.0,0,0,0,,0.00,0.00,,,,0,0,0,0.0,0.0,,0.0,0.0,Matches
305,Luka Milivojević\Luka-Milivojevic,rs SRB,MF,Crystal Palace,29-341,1991,20.6,1,13,4,30.8,0.63,0.19,0.00,0.00,27.3,6,1,1,1.4,0.6,0.05,-0.4,-0.6,Matches
306,James Milner\James-Milner,eng ENG,MFDF,Liverpool,35-069,1986,8.1,0,5,1,20.0,0.62,0.12,0.00,0.00,22.8,0,0,0,0.2,0.2,0.03,-0.2,-0.2,Matches
307,Yerry Mina\Yerry-Mina,co COL,DF,Everton,26-172,1994,18.2,2,13,4,30.8,0.71,0.22,0.15,0.50,10.9,0,0,0,1.0,1.0,0.08,+1.0,+1.0,Matches
308,Takumi Minamino\Takumi-Minamino,jp JPN,MFFW,Liverpool,26-057,1995,3.3,1,7,3,42.9,2.15,0.92,0.14,0.33,16.4,0,0,0,0.7,0.7,0.09,+0.3,+0.3,Matches
309,Takumi Minamino\Takumi-Minamino,jp JPN,MF,Southampton,26-057,1995,3.8,2,6,2,33.3,1.56,0.52,0.33,1.00,17.1,0,0,0,0.6,0.6,0.10,+1.4,+1.4,Matches
310,Tyrone Mings\Tyrone-Mings,eng ENG,DF,Aston Villa,28-001,1993,25.5,2,17,7,41.2,0.67,0.27,0.12,0.29,8.9,0,0,0,1.7,1.7,0.10,+0.3,+0.3,Matches
311,Tyrick Mitchell\Tyrick-Mitchell,eng ENG,DF,Crystal Palace,21-194,1999,13.0,0,1,1,100.0,0.08,0.08,0.00,0.00,12.2,0,0,0,0.1,0.1,0.08,-0.1,-0.1,Matches
312,Aleksandar Mitrović\Aleksandar-Mitrovic,rs SRB,FW,Fulham,26-179,1994,12.0,2,43,11,25.6,3.59,0.92,0.02,0.09,14.4,1,1,2,5.1,3.6,0.08,-3.1,-2.6,Matches
313,Jakub Moder\Jakub-Moder,pl POL,MF,Brighton,21-341,1999,0.1,0,1,0,0.0,12.86,0.00,0.00,,33.0,0,0,0,0.0,0.0,0.02,0.0,0.0,Matches
314,Jayson Molumby\Jayson-Molumby,ie IRL,MF,Brighton,21-220,1999,0.0,0,0,0,,0.00,0.00,,,,0,0,0,0.0,0.0,,0.0,0.0,Matches
315,Wes Morgan\Wes-Morgan,jm JAM,DF,Leicester City,37-052,1984,0.2,0,0,0,,0.00,0.00,,,,0,0,0,0.0,0.0,,0.0,0.0,Matches
316,Mason Mount\Mason-Mount,eng ENG,MFFW,Chelsea,22-063,1999,24.8,5,56,16,28.6,2.26,0.65,0.07,0.25,21.3,5,1,1,4.2,3.5,0.06,+0.8,+0.5,Matches
317,Lucas Moura\Lucas-Moura,br BRA,FWMF,Tottenham,28-213,1992,10.3,3,14,6,42.9,1.37,0.59,0.21,0.50,14.8,0,0,0,1.9,1.9,0.13,+1.1,+1.1,Matches
318,Lys Mousset\Lys-Mousset,fr FRA,FWMF,Sheffield Utd,25-034,1996,2.6,0,3,2,66.7,1.14,0.76,0.00,0.00,17.2,0,0,0,0.6,0.6,0.21,-0.6,-0.6,Matches
319,João Moutinho\Joao-Moutinho,pt POR,MF,Wolves,34-187,1986,21.6,1,10,2,20.0,0.46,0.09,0.10,0.50,23.8,1,0,0,0.4,0.4,0.04,+0.6,+0.6,Matches
320,Joel Mumbongo\Joel-Mumbongo,se SWE,FW,Burnley,22-064,1999,0.4,0,0,0,,0.00,0.00,,,,0,0,0,0.0,0.0,,0.0,0.0,Matches
321,Jacob Murphy\Jacob-Murphy,eng ENG,DFFW,Newcastle Utd,26-018,1995,8.8,1,19,5,26.3,2.15,0.57,0.05,0.20,24.6,5,0,0,0.7,0.7,0.04,+0.3,+0.3,Matches
322,Shkodran Mustafi\Shkodran-Mustafi,de GER,DF,Arsenal,28-331,1992,0.5,0,0,0,,0.00,0.00,,,,0,0,0,0.0,0.0,,0.0,0.0,Matches
323,Marvelous Nakamba\Marvelous-Nakamba,zw ZIM,MF,Aston Villa,27-054,1994,4.9,0,2,1,50.0,0.41,0.20,0.00,0.00,25.6,0,0,0,0.0,0.0,0.02,0.0,0.0,Matches
324,Wilfred Ndidi\Wilfred-Ndidi,ng NGA,MFDF,Leicester City,24-088,1996,14.6,1,9,1,11.1,0.62,0.07,0.11,1.00,19.8,0,0,0,0.4,0.4,0.05,+0.6,+0.6,Matches
325,Tanguy Ndombele\Tanguy-Ndombele,fr FRA,MF,Tottenham,24-076,1996,17.9,3,15,7,46.7,0.84,0.39,0.20,0.43,16.4,0,0,0,1.2,1.2,0.08,+1.8,+1.8,Matches
326,Reiss Nelson\Reiss-Nelson,eng ENG,FW,Arsenal,21-094,1999,0.8,0,1,0,0.0,1.27,0.00,0.00,,11.7,0,0,0,0.0,0.0,0.05,0.0,0.0,Matches
327,Pedro Neto\Pedro-Neto,pt POR,FWMF,Wolves,21-005,2000,26.0,5,56,20,35.7,2.15,0.77,0.09,0.25,19.3,0,0,0,3.9,3.9,0.07,+1.1,+1.1,Matches
328,Rúben Neves\Ruben-Neves,pt POR,MF,Wolves,24-001,1997,22.3,5,49,12,24.5,2.20,0.54,0.04,0.17,25.7,8,3,3,4.7,2.4,0.05,+0.3,-0.4,Matches
329,Eddie Nketiah\Eddie-Nketiah,eng ENG,FW,Arsenal,21-288,1999,3.6,1,7,4,57.1,1.93,1.10,0.14,0.25,13.5,0,0,0,1.2,1.2,0.17,-0.2,-0.2,Matches
330,Niels Nkounkou\Niels-Nkounkou,fr FRA,DF,Everton,20-133,2000,0.8,0,1,0,0.0,1.32,0.00,0.00,,26.8,0,0,0,0.0,0.0,0.02,0.0,0.0,Matches
331,Dan Nlundulu\Dan-Nlundulu,eng ENG,FW,Southampton,22-037,1999,1.2,0,1,0,0.0,0.85,0.00,0.00,,9.0,0,0,0,0.1,0.1,0.09,-0.1,-0.1,Matches
332,Mark Noble\Mark-Noble,eng ENG,MF,West Ham,33-310,1987,3.5,0,0,0,,0.00,0.00,,,,0,0,0,0.0,0.0,,0.0,0.0,Matches
333,Oliver Norwood\Oliver-Norwood,nir NIR,MF,Sheffield Utd,29-336,1991,15.1,0,6,0,0.0,0.40,0.00,0.00,,33.7,1,0,0,0.2,0.2,0.04,-0.2,-0.2,Matches
334,Jack O'Connell\Jack-OConnell,eng ENG,DF,Sheffield Utd,26-350,1994,2.0,0,0,0,,0.00,0.00,,,,0,0,0,0.0,0.0,,0.0,0.0,Matches
335,Dara O'Shea\Dara-OShea,ie IRL,DF,West Brom,22-010,1999,20.0,0,4,0,0.0,0.20,0.00,0.00,,11.1,0,0,0,0.2,0.2,0.05,-0.2,-0.2,Matches
336,Michael Obafemi\Michael-Obafemi,ie IRL,FW,Southampton,20-251,2000,0.2,0,0,0,,0.00,0.00,,,,0,0,0,0.0,0.0,,0.0,0.0,Matches
337,Denis Odoi\Denis-Odoi,be BEL,DF,Fulham,32-291,1988,3.0,0,2,1,50.0,0.67,0.33,0.00,0.00,23.5,0,0,0,0.1,0.1,0.04,-0.1,-0.1,Matches
338,Angelo Ogbonna\Angelo-Ogbonna,it ITA,DF,West Ham,32-295,1988,22.7,2,9,3,33.3,0.40,0.13,0.22,0.67,8.1,0,0,0,1.0,1.0,0.11,+1.0,+1.0,Matches
339,Robin Olsen\Robin-Olsen,se SWE,GK,Everton,31-065,1990,5.0,0,0,0,,0.00,0.00,,,,0,0,0,0.0,0.0,,0.0,0.0,Matches
340,Josh Onomah\Josh-Onomah,eng ENG,MF,Fulham,23-321,1997,1.8,0,1,0,0.0,0.55,0.00,0.00,,11.4,0,0,0,0.2,0.2,0.16,-0.2,-0.2,Matches
341,Divock Origi\Divock-Origi,be BEL,FW,Liverpool,25-330,1995,2.1,0,7,2,28.6,3.39,0.97,0.00,0.00,17.9,0,0,0,0.9,0.9,0.13,-0.9,-0.9,Matches
342,Ben Osborn\Ben-Osborn,eng ENG,MFDF,Sheffield Utd,26-221,1994,10.1,0,3,2,66.7,0.30,0.20,0.00,0.00,18.6,0,0,0,0.2,0.2,0.08,-0.2,-0.2,Matches
343,Owen Otasowie\Owen-Otasowie,us USA,MF,Wolves,19-328,2001,1.3,0,2,0,0.0,1.54,0.00,0.00,,10.0,0,0,0,0.4,0.4,0.21,-0.4,-0.4,Matches
344,Alex Oxlade-Chamberlain\Alex-Oxlade-Chamberlain,eng ENG,FWMF,Liverpool,27-211,1993,2.4,0,5,1,20.0,2.05,0.41,0.00,0.00,24.0,0,0,0,0.1,0.1,0.03,-0.1,-0.1,Matches
345,Emerson Palmieri\Emerson-Palmieri,it ITA,DF,Chelsea,26-223,1994,1.0,0,0,0,,0.00,0.00,,,,0,0,0,0.0,0.0,,0.0,0.0,Matches
346,Thomas Partey\Thomas-Partey,gh GHA,MF,Arsenal,27-274,1993,8.7,0,12,3,25.0,1.38,0.34,0.00,0.00,24.7,0,0,0,0.7,0.7,0.06,-0.7,-0.7,Matches
347,Rui Patrício\Rui-Patricio,pt POR,GK,Wolves,33-027,1988,28.0,0,0,0,,0.00,0.00,,,,0,0,0,0.0,0.0,,0.0,0.0,Matches
348,Bailey Peacock-Farrell\Bailey-Peacock-Farrell,nir NIR,GK,Burnley,24-136,1996,1.0,0,0,0,,0.00,0.00,,,,0,0,0,0.0,0.0,,0.0,0.0,Matches
349,Lee Peltier\Lee-Peltier,eng ENG,DF,West Brom,34-093,1986,2.5,0,0,0,,0.00,0.00,,,,0,0,0,0.0,0.0,,0.0,0.0,Matches
350,Nicolas Pépé\Nicolas-Pepe,ci CIV,FW,Arsenal,25-289,1995,11.1,5,32,9,28.1,2.89,0.81,0.13,0.44,16.4,1,1,1,4.7,3.9,0.12,+0.3,+0.1,Matches
351,Matheus Pereira\Matheus-Pereira,br BRA,MFFW,West Brom,24-313,1996,20.8,5,37,13,35.1,1.78,0.62,0.08,0.23,21.5,6,2,2,3.8,2.2,0.06,+1.2,+0.8,Matches
352,Ricardo Pereira\Ricardo-Pereira,pt POR,DFFW,Leicester City,27-159,1993,7.6,0,6,4,66.7,0.79,0.53,0.00,0.00,20.3,0,0,0,0.3,0.3,0.06,-0.3,-0.3,Matches
353,Ayoze Pérez\Ayoze-Perez,es ESP,FWMF,Leicester City,27-234,1993,9.8,1,19,7,36.8,1.94,0.71,0.05,0.14,16.8,1,0,0,2.1,2.1,0.11,-1.1,-1.1,Matches
354,Kalvin Phillips\Kalvin-Phillips,eng ENG,MF,Leeds United,25-102,1995,19.5,0,9,3,33.3,0.46,0.15,0.00,0.00,25.3,1,0,0,0.2,0.2,0.02,-0.2,-0.2,Matches
355,Matt Phillips\Matt-Phillips,sco SCO,MFDF,West Brom,30-001,1991,12.4,1,15,6,40.0,1.21,0.48,0.07,0.17,21.2,1,0,0,1.6,1.6,0.11,-0.6,-0.6,Matches
356,Nathaniel Phillips\Nathaniel-Phillips,eng ENG,DF,Liverpool,23-358,1997,8.2,0,4,1,25.0,0.49,0.12,0.00,0.00,11.2,0,0,0,0.2,0.2,0.04,-0.2,-0.2,Matches
357,Jordan Pickford\Jordan-Pickford,eng ENG,GK,Everton,27-007,1994,22.5,0,0,0,,0.00,0.00,,,,0,0,0,0.0,0.0,,0.0,0.0,Matches
358,Erik Pieters\Erik-Pieters,nl NED,DFMF,Burnley,32-219,1988,12.7,0,4,3,75.0,0.31,0.24,0.00,0.00,18.8,0,0,0,0.2,0.2,0.04,-0.2,-0.2,Matches
359,Daniel Podence\Daniel-Podence,pt POR,FWMF,Wolves,25-144,1995,14.6,3,25,13,52.0,1.71,0.89,0.12,0.23,16.2,0,0,0,2.6,2.6,0.10,+0.4,+0.4,Matches
360,Paul Pogba\Paul-Pogba,fr FRA,MFFW,Manchester Utd,27-364,1993,15.0,3,20,10,50.0,1.33,0.67,0.15,0.30,16.2,0,0,0,1.3,1.3,0.07,+1.7,+1.7,Matches
361,Nick Pope\Nick-Pope,eng ENG,GK,Burnley,28-329,1992,28.0,0,0,0,,0.00,0.00,,,,0,0,0,0.0,0.0,,0.0,0.0,Matches
362,Dennis Praet\Dennis-Praet,be BEL,MFFW,Leicester City,26-304,1994,7.3,1,8,2,25.0,1.10,0.28,0.13,0.50,16.1,0,0,0,0.5,0.5,0.07,+0.5,+0.5,Matches
363,Davy Pröpper\Davy-Propper,nl NED,MF,Brighton,29-193,1991,2.2,0,4,2,50.0,1.83,0.91,0.00,0.00,17.1,0,0,0,0.1,0.1,0.03,-0.1,-0.1,Matches
364,Christian Pulisic\Christian-Pulisic,us USA,FW,Chelsea,22-177,1998,12.0,1,27,7,25.9,2.25,0.58,0.04,0.14,15.2,0,0,0,2.9,2.9,0.11,-1.9,-1.9,Matches
365,Aaron Ramsdale\Aaron-Ramsdale,eng ENG,GK,Sheffield Utd,22-304,1998,28.0,0,0,0,,0.00,0.00,,,,0,0,0,0.0,0.0,,0.0,0.0,Matches
366,Jacob Ramsey\Jacob-Ramsey,eng ENG,MF,Aston Villa,19-290,2001,4.3,0,5,1,20.0,1.15,0.23,0.00,0.00,19.7,0,0,0,0.2,0.2,0.04,-0.2,-0.2,Matches
367,Kayne Ramsey\Kayne-Ramsey,eng ENG,DF,Southampton,20-155,2000,1.0,0,0,0,,0.00,0.00,,,,0,0,0,0.0,0.0,,0.0,0.0,Matches
368,Darren Randolph\Darren-Randolph,ie IRL,GK,West Ham,33-306,1987,2.0,0,0,0,,0.00,0.00,,,,0,0,0,0.0,0.0,,0.0,0.0,Matches
369,Marcus Rashford\Marcus-Rashford,eng ENG,FW,Manchester Utd,23-134,1997,25.4,9,59,29,49.2,2.32,1.14,0.15,0.31,18.4,4,0,0,7.4,7.4,0.13,+1.6,+1.6,Matches
370,Tim Ream\Tim-Ream,us USA,DF,Fulham,33-160,1987,5.0,0,0,0,,0.00,0.00,,,,0,0,0,0.0,0.0,,0.0,0.0,Matches
371,Nathan Redmond\Nathan-Redmond,eng ENG,MFFW,Southampton,27-008,1994,11.7,1,23,7,30.4,1.96,0.60,0.04,0.14,17.3,0,0,0,1.9,1.9,0.08,-0.9,-0.9,Matches
372,Harrison Reed\Harrison-Reed,eng ENG,MF,Fulham,26-046,1995,20.9,0,10,4,40.0,0.48,0.19,0.00,0.00,25.7,0,0,0,0.2,0.2,0.02,-0.2,-0.2,Matches
373,Sergio Reguilón\Sergio-Reguilon,es ESP,DF,Tottenham,24-088,1996,14.6,0,17,3,17.6,1.16,0.21,0.00,0.00,18.5,0,0,0,1.2,1.2,0.07,-1.2,-1.2,Matches
374,Bobby Reid\Bobby-Reid,jm JAM,FWDF,Fulham,28-040,1993,18.6,5,26,7,26.9,1.40,0.38,0.19,0.71,16.2,1,0,0,4.3,4.3,0.16,+0.7,+0.7,Matches
375,Declan Rice\Declan-Rice,eng ENG,MF,West Ham,22-059,1999,27.0,1,21,5,23.8,0.78,0.19,0.00,0.00,19.4,2,1,1,2.0,1.2,0.06,-1.0,-1.2,Matches
376,Lewis Richardson\Lewis-Richardson,eng ENG,FW,Burnley,18-035,2003,0.0,0,0,0,,0.00,0.00,,,,0,0,0,0.0,0.0,,0.0,0.0,Matches
377,Richarlison\Richarlison,br BRA,FW,Everton,23-308,1997,22.0,6,54,21,38.9,2.45,0.95,0.09,0.24,15.0,0,1,1,7.9,7.2,0.13,-1.9,-2.2,Matches
378,Jaïro Riedewald\Jairo-Riedewald,nl NED,MF,Crystal Palace,24-186,1996,14.9,2,6,2,33.3,0.40,0.13,0.33,1.00,18.2,0,0,0,0.6,0.6,0.10,+1.4,+1.4,Matches
379,Matt Ritchie\Matt-Ritchie,sco SCO,DFMF,Newcastle Utd,31-185,1989,6.1,0,5,1,20.0,0.82,0.16,0.00,0.00,23.1,0,0,0,0.2,0.2,0.04,-0.2,-0.2,Matches
380,Tyler Roberts\Tyler-Roberts,wal WAL,MFFW,Leeds United,22-061,1999,8.4,0,15,6,40.0,1.80,0.72,0.00,0.00,19.1,0,0,0,1.0,1.0,0.07,-1.0,-1.0,Matches
381,Andrew Robertson\Andrew-Robertson,sco SCO,DF,Liverpool,27-003,1994,27.9,1,15,4,26.7,0.54,0.14,0.07,0.25,16.4,0,0,0,1.3,1.3,0.08,-0.3,-0.3,Matches
382,Antonee Robinson\Antonee-Robinson,us USA,DF,Fulham,23-218,1997,19.0,0,7,2,28.6,0.37,0.11,0.00,0.00,17.3,0,0,0,0.5,0.5,0.06,-0.5,-0.5,Matches
383,Callum Robinson\Callum-Robinson,ie IRL,FWMF,West Brom,26-040,1995,13.2,2,20,7,35.0,1.52,0.53,0.10,0.29,21.9,0,0,0,1.7,1.7,0.09,+0.3,+0.3,Matches
384,Jack Robinson\Jack-Robinson,eng ENG,DF,Sheffield Utd,27-194,1993,6.7,0,3,0,0.0,0.44,0.00,0.00,,9.3,0,0,0,0.3,0.3,0.11,-0.3,-0.3,Matches
385,Hal Robson-Kanu\Hal-Robson-Kanu,wal WAL,FWMF,West Brom,31-297,1989,3.1,0,4,2,50.0,1.28,0.64,0.00,0.00,24.7,0,0,0,0.1,0.1,0.03,-0.1,-0.1,Matches
386,Marek Rodák\Marek-Rodak,sk SVK,GK,Fulham,24-091,1996,1.0,0,0,0,,0.00,0.00,,,,0,0,0,0.0,0.0,,0.0,0.0,Matches
387,Joe Rodon\Joe-Rodon,wal WAL,DF,Tottenham,23-143,1997,4.1,0,0,0,,0.00,0.00,,,,0,0,0,0.0,0.0,,0.0,0.0,Matches
388,Rodri\Rodri,es ESP,MF,Manchester City,24-265,1996,24.1,1,25,6,24.0,1.04,0.25,0.00,0.00,21.1,0,1,1,1.9,1.2,0.05,-0.9,-1.2,Matches
389,Rodrigo\Rodrigo,es ESP,MFFW,Leeds United,30-008,1991,11.8,3,37,12,32.4,3.13,1.02,0.08,0.25,15.3,1,0,0,3.8,3.8,0.10,-0.8,-0.8,Matches
390,James Rodríguez\James-Rodriguez,co COL,FWMF,Everton,29-245,1991,14.9,5,27,15,55.6,1.81,1.00,0.19,0.33,20.2,3,0,0,2.6,2.6,0.10,+2.4,+2.4,Matches
391,Jay Rodriguez\Jay-Rodriguez,eng ENG,FWMF,Burnley,31-228,1989,12.6,1,23,7,30.4,1.83,0.56,0.04,0.14,18.7,0,0,0,1.5,1.5,0.07,-0.5,-0.5,Matches
392,Oriol Romeu\Oriol-Romeu,es ESP,MF,Southampton,29-171,1991,19.2,1,14,4,28.6,0.73,0.21,0.07,0.25,24.0,0,0,0,0.4,0.4,0.03,+0.6,+0.6,Matches
393,Antonio Rüdiger\Antonio-Rudiger,de GER,DF,Chelsea,28-011,1993,13.0,0,10,5,50.0,0.77,0.38,0.00,0.00,19.7,0,0,0,0.2,0.2,0.02,-0.2,-0.2,Matches
394,Mathew Ryan\Mathew-Ryan,au AUS,GK,Arsenal,28-340,1992,1.0,0,0,0,,0.00,0.00,,,,0,0,0,0.0,0.0,,0.0,0.0,Matches
395,Mathew Ryan\Mathew-Ryan,au AUS,GK,Brighton,28-340,1992,11.0,0,0,0,,0.00,0.00,,,,0,0,0,0.0,0.0,,0.0,0.0,Matches
396,Allan Saint-Maximin\Allan-Saint-Maximin,fr FRA,FWMF,Newcastle Utd,24-002,1997,10.6,2,16,7,43.8,1.51,0.66,0.13,0.29,19.9,0,0,0,1.2,1.2,0.07,+0.8,+0.8,Matches
397,Romain Saïss\Romain-Saiss,ma MAR,DF,Wolves,30-353,1990,18.7,3,20,8,40.0,1.07,0.43,0.15,0.38,11.7,1,0,0,2.3,2.3,0.12,+0.7,+0.7,Matches
398,Bukayo Saka\Bukayo-Saka,eng ENG,FWDF,Arsenal,19-190,2001,21.7,5,53,18,34.0,2.44,0.83,0.09,0.28,15.2,1,0,0,6.1,6.1,0.12,-1.1,-1.1,Matches
399,Mamadou Sakho\Mamadou-Sakho,fr FRA,DF,Crystal Palace,31-029,1990,3.1,0,1,0,0.0,0.33,0.00,0.00,,12.0,0,0,0,0.0,0.0,0.02,0.0,0.0,Matches
400,Mohamed Salah\Mohamed-Salah,eg EGY,FW,Liverpool,28-272,1992,25.0,17,77,31,40.3,3.08,1.24,0.14,0.35,16.1,1,6,6,14.1,9.6,0.12,+2.9,+1.4,Matches
401,Mohammed Salisu\Mohammed-Salisu,gh GHA,DF,Southampton,21-331,1999,3.9,0,2,0,0.0,0.51,0.00,0.00,,14.7,0,0,0,0.1,0.1,0.06,-0.1,-0.1,Matches
402,Davinson Sánchez\Davinson-Sanchez,co COL,DF,Tottenham,24-275,1996,12.5,0,5,0,0.0,0.40,0.00,0.00,,8.6,0,0,0,0.7,0.7,0.15,-0.7,-0.7,Matches
403,Robert Sánchez\Robert-Sanchez,es ESP,GK,Brighton,23-116,1997,16.0,0,0,0,,0.00,0.00,,,,0,0,0,0.0,0.0,,0.0,0.0,Matches
404,Morgan Sanson\Morgan-Sanson,fr FRA,MF,Aston Villa,26-208,1994,1.8,0,1,0,0.0,0.55,0.00,0.00,,30.0,0,0,0,0.0,0.0,0.01,0.0,0.0,Matches
405,Romaine Sawyers\Romaine-Sawyers,kn SKN,MF,West Brom,29-132,1991,16.5,0,4,0,0.0,0.24,0.00,0.00,,23.1,0,0,0,0.1,0.1,0.04,-0.1,-0.1,Matches
406,Dane Scarlett\Dane-Scarlett,eng ENG,FW,Tottenham,16-355,2004,0.0,0,0,0,,0.00,0.00,,,,0,0,0,0.0,0.0,,0.0,0.0,Matches
408,Jeffrey Schlupp\Jeffrey-Schlupp,gh GHA,MF,Crystal Palace,28-081,1992,11.4,2,13,6,46.2,1.14,0.53,0.15,0.33,12.0,0,0,0,1.3,1.3,0.10,+0.7,+0.7,Matches
409,Kasper Schmeichel\Kasper-Schmeichel,dk DEN,GK,Leicester City,34-129,1986,28.0,0,0,0,,0.00,0.00,,,,0,0,0,0.0,0.0,,0.0,0.0,Matches
411,Jamie Shackleton\Jamie-Shackleton,eng ENG,MFDF,Leeds United,21-157,1999,5.1,0,0,0,,0.00,0.00,,,,0,0,0,0.0,0.0,,0.0,0.0,Matches
412,Xherdan Shaqiri\Xherdan-Shaqiri,ch SUI,MFFW,Liverpool,29-155,1991,5.8,0,11,0,0.0,1.90,0.00,0.00,,21.8,1,0,0,0.4,0.4,0.03,-0.4,-0.4,Matches
413,Billy Sharp\Billy-Sharp,eng ENG,FW,Sheffield Utd,35-037,1986,7.2,3,7,3,42.9,0.98,0.42,0.14,0.33,15.3,0,2,2,2.7,1.2,0.17,+0.3,-0.2,Matches
414,Luke Shaw\Luke-Shaw,eng ENG,DF,Manchester Utd,25-245,1995,21.5,1,8,5,62.5,0.37,0.23,0.13,0.20,17.0,0,0,0,0.5,0.5,0.06,+0.5,+0.5,Matches
415,Jonjo Shelvey\Jonjo-Shelvey,eng ENG,MF,Newcastle Utd,29-015,1992,19.1,1,33,8,24.2,1.73,0.42,0.03,0.13,24.1,9,0,0,1.7,1.7,0.05,-0.7,-0.7,Matches
416,Shola Shoretire\Shola-Shoretire,eng ENG,FW,Manchester Utd,17-040,2004,0.0,0,0,0,,0.00,0.00,,,,0,0,0,0.0,0.0,,0.0,0.0,Matches
417,Gylfi Sigurðsson\Gylfi-Sigurdsson,is ISL,MF,Everton,31-187,1989,16.7,4,24,7,29.2,1.44,0.42,0.08,0.29,20.3,3,2,2,3.6,2.1,0.09,+0.4,-0.1,Matches
418,Bernardo Silva\Bernardo-Silva,pt POR,MFFW,Manchester City,26-216,1994,19.1,2,25,13,52.0,1.31,0.68,0.08,0.15,14.5,0,0,0,2.5,2.5,0.10,-0.5,-0.5,Matches
420,Thiago Silva\Thiago-Silva,br BRA,DF,Chelsea,36-173,1984,16.2,2,9,4,44.4,0.56,0.25,0.22,0.50,7.6,0,0,0,0.8,0.8,0.09,+1.2,+1.2,Matches
421,Moussa Sissoko\Moussa-Sissoko,fr FRA,MF,Tottenham,31-210,1989,15.8,0,2,1,50.0,0.13,0.06,0.00,0.00,11.0,0,0,0,0.3,0.3,0.16,-0.3,-0.3,Matches
422,Islam Slimani\Islam-Slimani,dz ALG,FW,Leicester City,32-269,1988,0.2,0,1,0,0.0,4.50,0.00,0.00,,11.0,0,0,0,0.0,0.0,0.04,0.0,0.0,Matches
423,William Smallbone\William-Smallbone,ie IRL,MF,Southampton,21-021,2000,1.9,0,1,1,100.0,0.52,0.52,0.00,0.00,19.9,0,0,0,0.1,0.1,0.07,-0.1,-0.1,Matches
424,Emile Smith-Rowe\Emile-Smith-Rowe,eng ENG,MFFW,Arsenal,20-229,2000,9.5,0,7,1,14.3,0.74,0.11,0.00,0.00,16.2,0,0,0,1.0,1.0,0.14,-1.0,-1.0,Matches
425,Robert Snodgrass\Robert-Snodgrass,sco SCO,MFFW,West Brom,33-188,1987,5.8,0,4,1,25.0,0.68,0.17,0.00,0.00,17.6,1,0,0,0.2,0.2,0.04,-0.2,-0.2,Matches
426,Robert Snodgrass\Robert-Snodgrass,sco SCO,FWDF,West Ham,33-188,1987,0.1,0,0,0,,0.00,0.00,,,,0,0,0,0.0,0.0,,0.0,0.0,Matches
430,Zack Steffen\Zack-Steffen,us USA,GK,Manchester City,25-346,1995,1.0,0,0,0,,0.00,0.00,,,,0,0,0,0.0,0.0,,0.0,0.0,Matches
431,Dale Stephens\Dale-Stephens,eng ENG,MF,Burnley,31-275,1989,2.9,0,4,0,0.0,1.38,0.00,0.00,,19.7,0,0,0,0.2,0.2,0.05,-0.2,-0.2,Matches
432,Jack Stephens\Jack-Stephens,eng ENG,DF,Southampton,27-046,1994,12.1,0,4,1,25.0,0.33,0.08,0.00,0.00,7.8,0,0,0,0.3,0.3,0.08,-0.3,-0.3,Matches
433,Raheem Sterling\Raheem-Sterling,eng ENG,FW,Manchester City,26-096,1994,22.9,9,50,24,48.0,2.19,1.05,0.18,0.38,13.4,2,0,1,9.8,9.0,0.18,-0.8,0.0,Matches
434,Enda Stevens\Enda-Stevens,ie IRL,DF,Sheffield Utd,30-248,1990,20.0,0,13,3,23.1,0.65,0.15,0.00,0.00,19.1,0,0,0,0.7,0.7,0.06,-0.7,-0.7,Matches
435,John Stones\John-Stones,eng ENG,DF,Manchester City,26-290,1994,18.0,4,10,4,40.0,0.56,0.22,0.40,1.00,10.1,0,0,0,1.8,1.8,0.18,+2.2,+2.2,Matches
436,Pascal Struijk\Pascal-Struijk,nl NED,DFMF,Leeds United,21-215,1999,15.8,1,9,3,33.3,0.57,0.19,0.11,0.33,7.4,0,0,0,1.8,1.8,0.20,-0.8,-0.8,Matches
437,Japhet Tanganga\Japhet-Tanganga,eng ENG,DF,Tottenham,21-348,1999,1.5,0,0,0,,0.00,0.00,,,,0,0,0,0.0,0.0,,0.0,0.0,Matches
438,Matt Targett\Matt-Targett,eng ENG,DF,Aston Villa,25-177,1995,26.8,0,5,2,40.0,0.19,0.07,0.00,0.00,20.9,1,0,0,0.2,0.2,0.04,-0.2,-0.2,Matches
439,James Tarkowski\James-Tarkowski,eng ENG,DF,Burnley,28-115,1992,27.0,0,14,5,35.7,0.52,0.19,0.00,0.00,8.2,0,0,0,1.6,1.6,0.12,-1.6,-1.6,Matches
440,Percy Tau\Percy-Tau,za RSA,FWMF,Brighton,26-305,1994,0.9,0,0,0,,0.00,0.00,,,,0,0,0,0.0,0.0,,0.0,0.0,Matches
441,Sidnei Tavares\Sidnei-Tavares,pt POR,MF,Leicester City,19-166,2001,0.9,0,1,1,100.0,1.06,1.06,0.00,0.00,22.0,0,0,0,0.1,0.1,0.06,-0.1,-0.1,Matches
442,Charlie Taylor\Charlie-Taylor,eng ENG,DF,Burnley,27-177,1993,19.3,0,3,2,66.7,0.16,0.10,0.00,0.00,25.0,0,0,0,0.1,0.1,0.03,-0.1,-0.1,Matches
443,Neil Taylor\Neil-Taylor,wal WAL,DF,Aston Villa,32-035,1989,0.2,0,0,0,,0.00,0.00,,,,0,0,0,0.0,0.0,,0.0,0.0,Matches
444,Allan Tchaptchet\Allan-Tchaptchet,fr FRA,DF,Southampton,19-083,2001,0.1,0,0,0,,0.00,0.00,,,,0,0,0,0.0,0.0,,0.0,0.0,Matches
445,Nathan Tella\Nathan-Tella,eng ENG,FWMF,Southampton,21-252,1999,4.2,0,9,3,33.3,2.13,0.71,0.00,0.00,20.8,0,0,0,0.5,0.5,0.06,-0.5,-0.5,Matches
446,Alex Telles\Alex-Telles,br BRA,DF,Manchester Utd,28-089,1992,5.7,0,4,1,25.0,0.71,0.18,0.00,0.00,22.2,0,0,0,0.1,0.1,0.03,-0.1,-0.1,Matches
447,Kenny Tete\Kenny-Tete,nl NED,DF,Fulham,25-156,1995,11.6,0,3,0,0.0,0.26,0.00,0.00,,15.5,0,0,0,0.1,0.1,0.03,-0.1,-0.1,Matches
448,Luke Thomas\Luke-Thomas,eng ENG,DF,Leicester City,19-277,2001,4.5,0,3,1,33.3,0.67,0.22,0.00,0.00,18.5,0,0,0,0.1,0.1,0.03,-0.1,-0.1,Matches
449,Youri Tielemans\Youri-Tielemans,be BEL,MF,Leicester City,23-311,1997,27.3,6,31,14,45.2,1.14,0.51,0.13,0.29,22.7,2,2,2,3.5,2.0,0.06,+2.5,+2.0,Matches
450,Kieran Tierney\Kieran-Tierney,sco SCO,DF,Arsenal,23-282,1997,19.9,1,12,3,25.0,0.60,0.15,0.08,0.33,24.7,0,0,0,0.3,0.3,0.03,+0.7,+0.7,Matches
451,James Tomkins\James-Tomkins,eng ENG,DF,Crystal Palace,31-350,1989,4.3,0,1,0,0.0,0.23,0.00,0.00,,5.1,0,0,0,0.1,0.1,0.10,-0.1,-0.1,Matches
452,Fikayo Tomori\Fikayo-Tomori,eng ENG,DF,Chelsea,23-085,1997,0.5,0,0,0,,0.00,0.00,,,,0,0,0,0.0,0.0,,0.0,0.0,Matches
454,Cenk Tosun\Cenk-Tosun,tr TUR,FW,Everton,29-280,1991,0.5,0,0,0,,0.00,0.00,,,,0,0,0,0.0,0.0,,0.0,0.0,Matches
455,Andros Townsend\Andros-Townsend,eng ENG,MFFW,Crystal Palace,29-241,1991,20.1,1,24,7,29.2,1.20,0.35,0.04,0.14,20.9,1,0,0,1.6,1.6,0.07,-0.6,-0.6,Matches
456,Conor Townsend\Conor-Townsend,eng ENG,DF,West Brom,28-010,1993,15.8,0,6,2,33.3,0.38,0.13,0.00,0.00,17.8,0,0,0,0.4,0.4,0.07,-0.4,-0.4,Matches
457,Adama Traoré\Adama-Traore,es ESP,FWDF,Wolves,25-048,1996,20.8,0,23,5,21.7,1.11,0.24,0.00,0.00,20.6,0,0,0,1.1,1.1,0.05,-1.1,-1.1,Matches
460,Leandro Trossard\Leandro-Trossard,be BEL,FWMF,Brighton,26-100,1994,20.3,2,41,15,36.6,2.02,0.74,0.05,0.13,17.0,1,0,0,3.8,3.8,0.09,-1.8,-1.8,Matches
461,Kostas Tsimikas\Kostas-Tsimikas,gr GRE,DF,Liverpool,24-306,1996,0.1,0,0,0,,0.00,0.00,,,,0,0,0,0.0,0.0,,0.0,0.0,Matches
462,Axel Tuanzebe\Axel-Tuanzebe,eng ENG,DF,Manchester Utd,23-120,1997,1.5,0,0,0,,0.00,0.00,,,,0,0,0,0.0,0.0,,0.0,0.0,Matches
464,Yan Valery\Yan-Valery,fr FRA,DFMF,Southampton,22-020,1999,1.1,0,2,0,0.0,1.75,0.00,0.00,,25.8,0,0,0,0.3,0.3,0.15,-0.3,-0.3,Matches
465,Jamie Vardy\Jamie-Vardy,eng ENG,FW,Leicester City,34-062,1987,21.7,12,50,19,38.0,2.30,0.87,0.12,0.32,13.5,0,6,7,14.9,9.5,0.19,-2.9,-3.5,Matches
467,Jannik Vestergaard\Jannik-Vestergaard,dk DEN,DF,Southampton,28-223,1992,19.5,3,17,8,47.1,0.87,0.41,0.18,0.38,10.4,0,0,0,1.8,1.8,0.11,+1.2,+1.2,Matches
469,Carlos Vinícius\Carlos-Vinicius,br BRA,FW,Tottenham,25-354,1995,1.9,0,5,3,60.0,2.60,1.56,0.00,0.00,11.1,0,0,0,0.4,0.4,0.08,-0.4,-0.4,Matches
471,Vitinha\Vitinha,pt POR,MF,Wolves,21-029,2000,2.6,0,4,1,25.0,1.55,0.39,0.00,0.00,18.5,0,0,0,0.4,0.4,0.10,-0.4,-0.4,Matches
472,Jake Vokins\Jake-Vokins,eng ENG,DF,Southampton,20-362,2000,0.7,0,0,0,,0.00,0.00,,,,0,0,0,0.0,0.0,,0.0,0.0,Matches
474,Theo Walcott\Theo-Walcott,eng ENG,MFFW,Southampton,31-363,1989,13.7,2,24,9,37.5,1.75,0.66,0.08,0.22,19.9,0,0,0,2.6,2.6,0.11,-0.6,-0.6,Matches
475,Theo Walcott\Theo-Walcott,eng ENG,FW,Everton,31-363,1989,0.1,0,0,0,,0.00,0.00,,,,0,0,0,0.0,0.0,,0.0,0.0,Matches
476,Kyle Walker\Kyle-Walker,eng ENG,DF,Manchester City,30-290,1990,17.6,1,9,3,33.3,0.51,0.17,0.11,0.33,28.6,0,0,0,0.2,0.2,0.02,+0.8,+0.8,Matches
477,Kyle Walker-Peters\Kyle-Walker-Peters,eng ENG,DF,Southampton,23-335,1997,19.8,0,8,3,37.5,0.40,0.15,0.00,0.00,20.5,0,0,0,0.2,0.2,0.03,-0.2,-0.2,Matches
478,Aaron Wan-Bissaka\Aaron-Wan-Bissaka,eng ENG,DF,Manchester Utd,23-108,1997,26.0,2,7,3,42.9,0.27,0.12,0.29,0.67,15.9,0,0,0,0.8,0.8,0.12,+1.2,+1.2,Matches
479,Joel Ward\Joel-Ward,eng ENG,DF,Crystal Palace,31-136,1989,16.1,0,1,0,0.0,0.06,0.00,0.00,,25.0,0,0,0,0.0,0.0,0.04,0.0,0.0,Matches
480,James Ward-Prowse\James-Ward-Prowse,eng ENG,MF,Southampton,26-133,1994,28.0,7,27,15,55.6,0.96,0.54,0.19,0.33,25.2,15,2,2,3.0,1.5,0.05,+4.0,+3.5,Matches
481,Ollie Watkins\Ollie-Watkins,eng ENG,FW,Aston Villa,25-074,1995,27.0,10,75,32,42.7,2.78,1.19,0.12,0.28,12.8,0,1,2,12.0,10.5,0.14,-2.0,-1.5,Matches
482,Caleb Watts\Caleb-Watts,au AUS,MFFW,Southampton,19-057,2002,0.4,0,0,0,,0.00,0.00,,,,0,0,0,0.0,0.0,,0.0,0.0,Matches
483,Adam Webster\Adam-Webster,eng ENG,DF,Brighton,26-069,1995,21.8,0,20,5,25.0,0.92,0.23,0.00,0.00,13.2,0,0,0,1.0,1.0,0.05,-1.0,-1.0,Matches
484,Danny Welbeck\Danny-Welbeck,eng ENG,FW,Brighton,30-108,1990,8.3,2,19,8,42.1,2.29,0.96,0.11,0.25,12.7,0,0,1,4.4,3.6,0.19,-2.4,-1.6,Matches
485,Timo Werner\Timo-Werner,de GER,FW,Chelsea,25-008,1996,22.7,5,63,25,39.7,2.78,1.10,0.08,0.20,13.8,0,0,0,9.9,9.9,0.16,-4.9,-4.9,Matches
486,Ashley Westwood\Ashley-Westwood,eng ENG,MF,Burnley,30-347,1990,28.9,1,11,4,36.4,0.38,0.14,0.09,0.25,22.4,0,0,0,0.4,0.4,0.04,+0.6,+0.6,Matches
487,Ben White\Ben-White,eng ENG,DFMF,Brighton,23-157,1997,25.5,0,6,0,0.0,0.24,0.00,0.00,,17.2,0,0,0,0.4,0.4,0.07,-0.4,-0.4,Matches
488,Georginio Wijnaldum\Georginio-Wijnaldum,nl NED,MF,Liverpool,30-123,1990,25.3,2,23,8,34.8,0.91,0.32,0.09,0.25,16.6,1,0,0,2.7,2.7,0.12,-0.7,-0.7,Matches
489,Brandon Williams\Brandon-Williams,eng ENG,DF,Manchester Utd,20-192,2000,0.1,0,0,0,,0.00,0.00,,,,0,0,0,0.0,0.0,,0.0,0.0,Matches
490,Neco Williams\Neco-Williams,wal WAL,DF,Liverpool,19-335,2001,2.8,0,2,0,0.0,0.73,0.00,0.00,,17.9,0,0,0,0.1,0.1,0.05,-0.1,-0.1,Matches
491,Rhys Williams\Rhys-Williams,eng ENG,DF,Liverpool,20-039,2001,2.3,0,1,0,0.0,0.43,0.00,0.00,,10.0,0,0,0,0.0,0.0,0.04,0.0,0.0,Matches
492,Willian\Willian,br BRA,FWMF,Arsenal,32-217,1988,13.1,0,17,2,11.8,1.29,0.15,0.00,0.00,17.1,3,0,0,1.9,1.9,0.11,-1.9,-1.9,Matches
493,Joe Willock\Joe-Willock,eng ENG,MF,Arsenal,21-206,1999,2.6,0,4,0,0.0,1.51,0.00,0.00,,10.3,0,0,0,0.4,0.4,0.11,-0.4,-0.4,Matches
494,Joe Willock\Joe-Willock,eng ENG,MF,Newcastle Utd,21-206,1999,5.9,1,5,4,80.0,0.85,0.68,0.20,0.25,11.1,0,0,0,0.9,0.9,0.17,+0.1,+0.1,Matches
495,Callum Wilson\Callum-Wilson,eng ENG,FW,Newcastle Utd,29-015,1992,20.1,10,36,12,33.3,1.79,0.60,0.17,0.50,12.5,0,4,4,9.5,6.5,0.18,+0.5,-0.5,Matches
496,Harry Winks\Harry-Winks,eng ENG,MF,Tottenham,25-040,1996,7.1,0,3,1,33.3,0.42,0.14,0.00,0.00,29.6,0,0,0,0.0,0.0,0.01,0.0,0.0,Matches
497,Chris Wood\Chris-Wood,nz NZL,FW,Burnley,29-097,1991,21.9,6,39,25,64.1,1.78,1.14,0.15,0.24,11.7,0,0,0,7.7,7.7,0.20,-1.7,-1.7,Matches
498,Granit Xhaka\Granit-Xhaka,ch SUI,MF,Arsenal,28-168,1992,21.1,1,14,4,28.6,0.66,0.19,0.07,0.25,24.1,6,0,0,0.7,0.7,0.05,+0.3,+0.3,Matches
499,Andriy Yarmolenko\Andriy-Yarmolenko,ua UKR,FWMF,West Ham,31-142,1989,4.0,0,7,2,28.6,1.76,0.50,0.00,0.00,19.6,0,0,0,0.4,0.4,0.06,-0.4,-0.4,Matches
500,DeAndre Yedlin\DeAndre-Yedlin,us USA,DF,Newcastle Utd,27-248,1993,4.8,0,2,0,0.0,0.41,0.00,0.00,,23.2,0,0,0,0.1,0.1,0.03,-0.1,-0.1,Matches
501,Okay Yokuşlu\Okay-Yokuslu,tr TUR,MF,West Brom,27-005,1994,5.9,0,5,0,0.0,0.85,0.00,0.00,,24.8,0,0,0,0.1,0.1,0.03,-0.1,-0.1,Matches
502,Wilfried Zaha\Wilfried-Zaha,ci CIV,FW,Crystal Palace,28-124,1992,20.0,9,44,14,31.8,2.20,0.70,0.16,0.50,16.3,0,2,2,6.0,4.5,0.10,+3.0,+2.5,Matches
503,Andre-Frank Zambo Anguissa\Andre-Frank-Zambo-Anguissa,cm CMR,MF,Fulham,25-118,1995,22.2,0,23,5,21.7,1.03,0.22,0.00,0.00,22.5,0,0,0,1.2,1.2,0.05,-1.2,-1.2,Matches
504,Andi Zeqiri\Andi-Zeqiri,ch SUI,FWDF,Brighton,21-265,1999,0.8,0,5,0,0.0,6.62,0.00,0.00,,12.9,0,0,0,0.3,0.3,0.06,-0.3,-0.3,Matches
505,Oleksandr Zinchenko\Oleksandr-Zinchenko,ua UKR,DF,Manchester City,24-089,1996,12.0,0,10,3,30.0,0.83,0.25,0.00,0.00,21.4,0,0,0,0.5,0.5,0.05,-0.5,-0.5,Matches
506,Hakim Ziyech\Hakim-Ziyech,ma MAR,FWMF,Chelsea,27-360,1993,9.5,1,25,8,32.0,2.63,0.84,0.04,0.13,21.7,0,0,0,1.3,1.3,0.05,-0.3,-0.3,Matches
507,Kurt Zouma\Kurt-Zouma,fr FRA,DF,Chelsea,26-138,1994,17.0,4,16,9,56.3,0.94,0.53,0.25,0.44,10.7,0,0,0,1.0,1.0,0.07,+3.0,+3.0,Matches
508,Martin Ødegaard\Martin-Odegaard,no NOR,MF,Arsenal,22-087,1998,3.3,0,5,1,20.0,1.53,0.31,0.00,0.00,21.6,0,0,0,0.3,0.3,0.06,-0.3,-0.3,Matches